,初始持仓股票资产,初始持仓资产,初始现金,总资产,手续费,现金,股票资产
2020-06-02 09:36:03.000,2921400.0,2921400.0,0.0,2921392.11,7.89,2820.11,2918572.0
2020-06-02 09:36:09.000,2919500.0,2919500.0,0.0,2919502.11,5.0,1949.11,2917553.0
2020-06-02 09:36:12.000,2917700.0,2917700.0,0.0,2917700.05,16.06,6562.05,2911138.0
2020-06-02 09:36:15.000,2916400.0,2916400.0,0.0,2916385.05,15.0,939.05,2915446.0
2020-06-02 09:36:18.000,2915600.0,2915600.0,0.0,2915581.98,7.07,2963.98,2912618.0
2020-06-02 09:36:21.000,2914600.0,2914600.0,0.0,2914574.92,21.06,5225.92,2909349.0
2020-06-02 09:36:24.000,2914300.0,2914300.0,0.0,2914260.15,11.77,5641.15,2908619.0
2020-06-02 09:36:27.000,2914900.0,2914900.0,0.0,2914851.15,5.0,3287.15,2911564.0
2020-06-02 09:36:30.000,2914300.0,2914300.0,0.0,2914255.15,10.0,674.15,2913581.0
2020-06-02 09:36:42.000,2913400.0,2913400.0,0.0,2913317.31,7.84,3450.31,2909867.0
2020-06-02 09:36:45.000,2913100.0,2913100.0,0.0,2913012.31,10.0,-1075.69,2914088.0
2020-06-02 09:37:06.000,2915600.0,2915600.0,0.0,2915454.92,7.39,1255.92,2914199.0
2020-06-02 09:37:09.000,2916100.0,2916100.0,0.0,2915935.06,7.86,4044.06,2911891.0
2020-06-02 09:37:15.000,2915100.0,2915100.0,0.0,2914956.19,6.87,5863.19,2909093.0
2020-06-02 09:37:18.000,2916500.0,2916500.0,0.0,2916336.19,5.0,4545.19,2911791.0
2020-06-02 09:37:21.000,2916300.0,2916300.0,0.0,2916153.19,5.0,2529.19,2913624.0
2020-06-02 09:37:24.000,2917100.0,2917100.0,0.0,2916924.19,10.0,-1333.81,2918258.0
2020-06-02 09:38:00.000,2919000.0,2919000.0,0.0,2918841.29,5.9,-460.71,2919302.0
2020-06-02 09:38:18.000,2922100.0,2922100.0,0.0,2921913.23,7.06,1551.23,2920362.0
2020-06-02 09:38:24.000,2922400.0,2922400.0,0.0,2922219.17,7.06,3563.17,2918656.0
2020-06-02 09:38:27.000,2922500.0,2922500.0,0.0,2922300.32,12.85,4005.32,2918295.0
2020-06-02 09:38:30.000,2922300.0,2922300.0,0.0,2922099.26,7.06,6015.26,2916084.0
2020-06-02 09:38:33.000,2922500.0,2922500.0,0.0,2922287.41,17.85,4514.41,2917773.0
2020-06-02 09:38:39.000,2922700.0,2922700.0,0.0,2922526.35,12.06,4584.35,2917942.0
2020-06-02 09:38:42.000,2922400.0,2922400.0,0.0,2922218.29,17.06,1869.29,2920349.0
2020-06-02 09:38:51.000,2924600.0,2924600.0,0.0,2924416.17,14.12,5894.17,2918522.0
2020-06-02 09:38:54.000,2922100.0,2922100.0,0.0,2921961.17,5.0,3543.17,2918418.0
2020-06-02 09:38:57.000,2922800.0,2922800.0,0.0,2922612.28,14.89,8315.28,2914297.0
2020-06-02 09:39:00.000,2923100.0,2923100.0,0.0,2922941.28,5.0,5962.28,2916979.0
2020-06-02 09:39:03.000,2923500.0,2923500.0,0.0,2923345.39,6.89,7810.39,2915535.0
2020-06-02 09:39:06.000,2924700.0,2924700.0,0.0,2924533.5,11.89,3664.5,2920869.0
2020-06-02 09:39:09.000,2923700.0,2923700.0,0.0,2923549.5,5.0,904.5,2922645.0
2020-06-02 09:39:12.000,2924200.0,2924200.0,0.0,2924049.61,6.89,2746.61,2921303.0
2020-06-02 09:39:18.000,2922000.0,2922000.0,0.0,2921875.61,5.0,391.61,2921484.0
2020-06-02 09:39:24.000,2923000.0,2923000.0,0.0,2922885.73,6.88,2228.73,2920657.0
2020-06-02 09:39:27.000,2922900.0,2922900.0,0.0,2922755.49,18.24,3445.49,2919310.0
2020-06-02 09:39:33.000,2923100.0,2923100.0,0.0,2922913.6,6.89,5286.6,2917627.0
2020-06-02 09:39:45.000,2923700.0,2923700.0,0.0,2923502.6,5.0,1221.6,2922281.0
2020-06-02 09:39:57.000,2926200.0,2926200.0,0.0,2925979.6,5.0,962.6,2925017.0
2020-06-02 09:40:00.000,2926800.0,2926800.0,0.0,2926550.41,15.19,6035.41,2920515.0
2020-06-02 09:40:06.000,2923400.0,2923400.0,0.0,2923230.41,5.0,4004.41,2919226.0
2020-06-02 09:40:09.000,2923600.0,2923600.0,0.0,2923391.44,16.97,2049.44,2921342.0
2020-06-02 09:40:15.000,2925600.0,2925600.0,0.0,2925356.44,5.0,194.44,2925162.0
2020-06-02 09:40:24.000,2923400.0,2923400.0,0.0,2923109.09,6.35,1508.09,2921601.0
2020-06-02 09:40:30.000,2920100.0,2920100.0,0.0,2919825.98,11.11,7484.98,2912341.0
2020-06-02 09:40:33.000,2920500.0,2920500.0,0.0,2920195.01,6.97,9407.01,2910788.0
2020-06-02 09:40:42.000,2918900.0,2918900.0,0.0,2918589.04,11.97,9471.04,2909118.0
2020-06-02 09:40:45.000,2918400.0,2918400.0,0.0,2918091.04,5.0,4006.04,2914085.0
2020-06-02 09:40:48.000,2918700.0,2918700.0,0.0,2918391.04,5.0,1271.04,2917120.0
2020-06-02 09:40:54.000,2918600.0,2918600.0,0.0,2918292.68,14.36,5527.68,2912765.0
2020-06-02 09:40:57.000,2918400.0,2918400.0,0.0,2918053.65,19.03,7433.65,2910620.0
2020-06-02 09:41:03.000,2919000.0,2919000.0,0.0,2918651.65,5.0,4698.65,2913953.0
2020-06-02 09:41:06.000,2919200.0,2919200.0,0.0,2918845.3,6.35,6009.3,2912836.0
2020-06-02 09:41:09.000,2918900.0,2918900.0,0.0,2918554.33,6.97,7929.33,2910625.0
2020-06-02 09:41:12.000,2918800.0,2918800.0,0.0,2918432.36,11.97,7112.36,2911320.0
2020-06-02 09:41:15.000,2917900.0,2917900.0,0.0,2917517.46,5.9,7988.46,2909529.0
2020-06-02 09:41:18.000,2918200.0,2918200.0,0.0,2917804.9,10.56,13427.9,2904377.0
2020-06-02 09:41:21.000,2917700.0,2917700.0,0.0,2917295.9,5.0,7434.9,2909861.0
2020-06-02 09:41:24.000,2917600.0,2917600.0,0.0,2917189.0,5.9,8310.0,2908879.0
2020-06-02 09:41:27.000,2917800.0,2917800.0,0.0,2917398.0,5.0,6278.0,2911120.0
2020-06-02 09:41:33.000,2916900.0,2916900.0,0.0,2916504.11,11.89,2133.11,2914371.0
2020-06-02 09:41:57.000,2915100.0,2915100.0,0.0,2914776.11,5.0,109.11,2914667.0
2020-06-02 09:42:21.000,2910800.0,2910800.0,0.0,2910482.38,7.73,2779.38,2907703.0
2020-06-02 09:42:24.000,2908400.0,2908400.0,0.0,2908116.23,14.15,4811.23,2903305.0
2020-06-02 09:42:27.000,2909300.0,2909300.0,0.0,2908994.23,5.0,2462.23,2906532.0
2020-06-02 09:42:33.000,2909700.0,2909700.0,0.0,2909375.23,10.0,-445.77,2909821.0
2020-06-02 09:42:36.000,2907800.0,2907800.0,0.0,2907493.16,7.07,1580.16,2905913.0
2020-06-02 09:42:39.000,2908500.0,2908500.0,0.0,2908179.16,5.0,697.16,2907482.0
2020-06-02 09:42:51.000,2912400.0,2912400.0,0.0,2912037.42,7.74,3375.42,2908662.0
2020-06-02 09:43:03.000,2912100.0,2912100.0,0.0,2911741.07,6.35,4692.07,2907049.0
2020-06-02 09:43:06.000,2910600.0,2910600.0,0.0,2910279.72,11.35,4078.72,2906201.0
2020-06-02 09:43:12.000,2911500.0,2911500.0,0.0,2911135.72,20.0,-4726.28,2915862.0
2020-06-02 09:44:18.000,2913200.0,2913200.0,0.0,2912803.64,7.08,-2698.36,2915502.0
2020-06-02 09:44:57.000,2910700.0,2910700.0,0.0,2910301.88,10.76,2940.88,2907361.0
2020-06-02 09:45:00.000,2909800.0,2909800.0,0.0,2909396.88,5.0,900.88,2908496.0
2020-06-02 09:45:15.000,2908300.0,2908300.0,0.0,2907880.49,7.39,3237.49,2904643.0
2020-06-02 09:45:18.000,2907800.0,2907800.0,0.0,2907356.49,10.0,919.49,2906437.0
2020-06-02 09:45:21.000,2907100.0,2907100.0,0.0,2906635.75,10.74,6535.75,2900100.0
2020-06-02 09:45:24.000,2905100.0,2905100.0,0.0,2904623.9,25.85,15126.9,2889497.0
2020-06-02 09:45:27.000,2905000.0,2905000.0,0.0,2904498.14,19.76,15046.14,2889452.0
2020-06-02 09:45:30.000,2904600.0,2904600.0,0.0,2904078.38,19.76,15846.38,2888232.0
2020-06-02 09:45:39.000,2904600.0,2904600.0,0.0,2904063.62,14.76,18662.62,2885401.0
2020-06-02 09:45:42.000,2904500.0,2904500.0,0.0,2903956.24,12.38,15037.24,2888919.0
2020-06-02 09:45:45.000,2904500.0,2904500.0,0.0,2903940.86,12.38,14659.86,2889281.0
2020-06-02 09:45:48.000,2904500.0,2904500.0,0.0,2903924.48,12.38,5752.48,2898172.0
2020-06-02 09:45:54.000,2902700.0,2902700.0,0.0,2902119.43,7.05,7752.43,2894367.0
2020-06-02 09:45:57.000,2903100.0,2903100.0,0.0,2902510.43,5.0,2132.43,2900378.0
2020-06-02 09:46:00.000,2903200.0,2903200.0,0.0,2902582.64,19.79,4972.64,2897610.0
2020-06-02 09:46:03.000,2902200.0,2902200.0,0.0,2901570.59,12.05,5125.59,2896445.0
2020-06-02 09:46:06.000,2902000.0,2902000.0,0.0,2901360.85,12.74,5956.85,2895404.0
2020-06-02 09:46:12.000,2902700.0,2902700.0,0.0,2902059.86,6.99,7898.86,2894161.0
2020-06-02 09:46:15.000,2903600.0,2903600.0,0.0,2902957.86,5.0,5215.86,2897742.0
2020-06-02 09:46:21.000,2902600.0,2902600.0,0.0,2901973.78,7.08,7244.78,2894729.0
2020-06-02 09:46:30.000,2902400.0,2902400.0,0.0,2901784.78,5.0,2567.78,2899217.0
2020-06-02 09:46:45.000,2902900.0,2902900.0,0.0,2902341.88,6.9,4422.88,2897919.0
2020-06-02 09:46:48.000,2902900.0,2902900.0,0.0,2902318.4,10.48,3022.4,2899296.0
2020-06-02 09:46:54.000,2902500.0,2902500.0,0.0,2901936.4,5.0,1155.4,2900781.0
2020-06-02 09:47:03.000,2900900.0,2900900.0,0.0,2900327.41,6.99,3095.41,2897232.0
2020-06-02 09:47:06.000,2900800.0,2900800.0,0.0,2900218.51,6.9,4949.51,2895269.0
2020-06-02 09:47:09.000,2900400.0,2900400.0,0.0,2899823.61,11.9,4770.61,2895053.0
2020-06-02 09:47:15.000,2901300.0,2901300.0,0.0,2900712.81,13.8,6156.81,2894556.0
2020-06-02 09:47:24.000,2896800.0,2896800.0,0.0,2896220.81,5.0,3528.81,2892692.0
2020-06-02 09:47:30.000,2896700.0,2896700.0,0.0,2896118.74,12.07,3539.74,2892579.0
2020-06-02 09:47:33.000,2896200.0,2896200.0,0.0,2895604.74,15.0,-2966.26,2898571.0
2020-06-02 09:47:54.000,2895400.0,2895400.0,0.0,2894790.02,10.72,2634.02,2892156.0
2020-06-02 09:47:57.000,2894300.0,2894300.0,0.0,2893681.02,5.0,43.02,2893638.0
2020-06-02 09:48:09.000,2891000.0,2891000.0,0.0,2890309.96,11.06,5973.96,2884336.0
2020-06-02 09:48:12.000,2893300.0,2893300.0,0.0,2892647.78,11.18,5174.78,2887473.0
2020-06-02 09:48:18.000,2893200.0,2893200.0,0.0,2892528.78,5.0,3137.78,2889391.0
2020-06-02 09:48:24.000,2894300.0,2894300.0,0.0,2893624.91,13.87,4336.91,2889288.0
2020-06-02 09:48:30.000,2894200.0,2894200.0,0.0,2893506.91,10.0,-32.09,2893539.0
2020-06-02 09:49:09.000,2896300.0,2896300.0,0.0,2895560.84,7.07,1993.84,2893567.0
2020-06-02 09:49:12.000,2895700.0,2895700.0,0.0,2894952.77,12.07,2057.77,2892895.0
2020-06-02 09:49:21.000,2894300.0,2894300.0,0.0,2893534.84,13.93,5885.84,2887649.0
2020-06-02 09:49:30.000,2893800.0,2893800.0,0.0,2893020.84,10.0,1306.84,2891714.0
2020-06-02 09:49:45.000,2892300.0,2892300.0,0.0,2891497.84,12.0,2786.84,2888711.0
2020-06-02 09:49:48.000,2892200.0,2892200.0,0.0,2891394.84,5.0,453.84,2890941.0
2020-06-02 09:50:06.000,2890700.0,2890700.0,0.0,2889890.79,11.05,6371.79,2883519.0
2020-06-02 09:50:09.000,2890600.0,2890600.0,0.0,2889791.79,5.0,4339.79,2885452.0
2020-06-02 09:50:12.000,2890600.0,2890600.0,0.0,2889780.79,5.0,2307.79,2887473.0
2020-06-02 09:50:15.000,2889500.0,2889500.0,0.0,2888675.75,11.04,8219.75,2880456.0
2020-06-02 09:50:21.000,2889700.0,2889700.0,0.0,2888916.02,15.73,12667.02,2876249.0
2020-06-02 09:50:24.000,2888600.0,2888600.0,0.0,2887815.61,28.41,17049.61,2870766.0
2020-06-02 09:50:27.000,2888400.0,2888400.0,0.0,2887593.65,22.96,20920.65,2866673.0
2020-06-02 09:50:42.000,2888600.0,2888600.0,0.0,2887845.94,10.71,26505.94,2861340.0
2020-06-02 09:50:45.000,2888400.0,2888400.0,0.0,2887716.94,15.0,14233.94,2873483.0
2020-06-02 09:50:51.000,2889300.0,2889300.0,0.0,2888674.94,5.0,12276.94,2876398.0
2020-06-02 09:50:54.000,2889800.0,2889800.0,0.0,2889210.59,6.35,13588.59,2875622.0
2020-06-02 09:50:57.000,2890100.0,2890100.0,0.0,2889443.59,5.0,7671.59,2881772.0
2020-06-02 09:51:00.000,2891000.0,2891000.0,0.0,2890341.59,5.0,5065.59,2885276.0
2020-06-02 09:51:24.000,2890300.0,2890300.0,0.0,2889623.52,7.07,7084.52,2882539.0
2020-06-02 09:51:33.000,2895300.0,2895300.0,0.0,2894729.15,20.37,9050.15,2885679.0
2020-06-02 09:51:39.000,2894800.0,2894800.0,0.0,2894163.78,12.37,5429.78,2888734.0
2020-06-02 09:51:42.000,2894500.0,2894500.0,0.0,2893865.79,11.99,5486.79,2888379.0
2020-06-02 09:51:45.000,2894300.0,2894300.0,0.0,2893671.45,10.34,10714.45,2882957.0
2020-06-02 09:51:48.000,2895800.0,2895800.0,0.0,2895149.45,5.0,9556.45,2885593.0
2020-06-02 09:51:54.000,2896300.0,2896300.0,0.0,2895631.45,10.0,2050.45,2893581.0
2020-06-02 09:51:57.000,2897000.0,2897000.0,0.0,2896325.09,10.36,7292.09,2889033.0
2020-06-02 09:52:00.000,2896300.0,2896300.0,0.0,2895615.09,5.0,1676.09,2893939.0
2020-06-02 09:52:09.000,2897700.0,2897700.0,0.0,2897036.09,5.0,518.09,2896518.0
2020-06-02 09:52:12.000,2899400.0,2899400.0,0.0,2898720.34,14.75,5158.34,2893562.0
2020-06-02 09:52:15.000,2898300.0,2898300.0,0.0,2897610.34,5.0,3130.34,2894480.0
2020-06-02 09:52:21.000,2898900.0,2898900.0,0.0,2898203.65,7.69,5764.65,2892439.0
2020-06-02 09:52:24.000,2899400.0,2899400.0,0.0,2898685.96,12.69,6370.96,2892315.0
2020-06-02 09:52:27.000,2899700.0,2899700.0,0.0,2898978.58,7.38,8688.58,2890290.0
2020-06-02 09:52:30.000,2899700.0,2899700.0,0.0,2898967.58,14.0,6670.58,2892297.0
2020-06-02 09:52:33.000,2899800.0,2899800.0,0.0,2899056.58,10.0,-1908.42,2900965.0
2020-06-02 09:52:39.000,2901300.0,2901300.0,0.0,2900533.71,8.87,1868.71,2898665.0
2020-06-02 09:52:51.000,2901600.0,2901600.0,0.0,2900794.65,7.06,3882.65,2896912.0
2020-06-02 09:52:54.000,2901900.0,2901900.0,0.0,2901080.59,7.06,5895.59,2895185.0
2020-06-02 09:53:00.000,2901900.0,2901900.0,0.0,2901039.42,11.17,5017.42,2896022.0
2020-06-02 09:53:03.000,2900700.0,2900700.0,0.0,2899862.42,5.0,368.42,2899494.0
2020-06-02 09:53:09.000,2902700.0,2902700.0,0.0,2901818.68,7.74,3050.68,2898768.0
2020-06-02 09:53:12.000,2902700.0,2902700.0,0.0,2901803.77,13.91,6879.77,2894924.0
2020-06-02 09:53:15.000,2903400.0,2903400.0,0.0,2902478.03,7.74,9567.03,2892911.0
2020-06-02 09:53:18.000,2902500.0,2902500.0,0.0,2901598.03,5.0,7676.03,2893922.0
2020-06-02 09:53:21.000,2902300.0,2902300.0,0.0,2901399.03,5.0,5785.03,2895614.0
2020-06-02 09:53:24.000,2903100.0,2903100.0,0.0,2902177.03,5.0,165.03,2902012.0
2020-06-02 09:53:27.000,2903900.0,2903900.0,0.0,2902966.29,7.74,2850.29,2900116.0
2020-06-02 09:53:30.000,2905300.0,2905300.0,0.0,2904322.29,5.0,825.29,2903497.0
2020-06-02 09:53:36.000,2905400.0,2905400.0,0.0,2904343.47,14.82,5537.47,2898806.0
2020-06-02 09:53:39.000,2905800.0,2905800.0,0.0,2904736.71,7.76,8239.71,2896497.0
2020-06-02 09:53:42.000,2905800.0,2905800.0,0.0,2904733.71,5.0,2612.71,2902121.0
2020-06-02 09:53:45.000,2904700.0,2904700.0,0.0,2903679.78,11.93,2160.78,2901519.0
2020-06-02 09:53:48.000,2906200.0,2906200.0,0.0,2905059.96,12.82,4905.96,2900154.0
2020-06-02 09:53:51.000,2905600.0,2905600.0,0.0,2904470.2,7.76,7611.2,2896859.0
2020-06-02 09:53:54.000,2906100.0,2906100.0,0.0,2904949.2,5.0,6733.2,2898216.0
2020-06-02 09:54:00.000,2907100.0,2907100.0,0.0,2905906.43,7.77,9444.43,2896462.0
2020-06-02 09:54:03.000,2906400.0,2906400.0,0.0,2905258.67,7.76,12149.67,2893109.0
2020-06-02 09:54:12.000,2905100.0,2905100.0,0.0,2904198.67,5.0,9453.67,2894745.0
2020-06-02 09:54:24.000,2903200.0,2903200.0,0.0,2902503.67,10.0,4444.67,2898059.0
2020-06-02 09:54:27.000,2902700.0,2902700.0,0.0,2902069.67,5.0,2483.67,2899586.0
2020-06-02 09:54:36.000,2900800.0,2900800.0,0.0,2900258.88,17.79,10104.88,2890154.0
2020-06-02 09:54:42.000,2899500.0,2899500.0,0.0,2898972.88,5.0,7452.88,2891520.0
2020-06-02 09:54:45.000,2900100.0,2900100.0,0.0,2899586.88,10.0,2916.88,2896670.0
2020-06-02 09:55:00.000,2898300.0,2898300.0,0.0,2897872.5,7.38,5238.5,2892634.0
2020-06-02 09:55:06.000,2897900.0,2897900.0,0.0,2897464.5,7.0,7190.5,2890274.0
2020-06-02 09:55:09.000,2897100.0,2897100.0,0.0,2896640.58,11.92,7038.58,2889602.0
2020-06-02 09:55:12.000,2896000.0,2896000.0,0.0,2895542.58,5.0,5013.58,2890529.0
2020-06-02 09:55:15.000,2895800.0,2895800.0,0.0,2895335.58,5.0,2988.58,2892347.0
2020-06-02 09:55:27.000,2895000.0,2895000.0,0.0,2894398.88,10.7,8566.88,2885832.0
2020-06-02 09:55:30.000,2895300.0,2895300.0,0.0,2894683.51,7.37,10882.51,2883801.0
2020-06-02 09:55:45.000,2896200.0,2896200.0,0.0,2895480.51,5.0,8925.51,2886555.0
2020-06-02 09:55:48.000,2896900.0,2896900.0,0.0,2896136.51,5.0,6253.51,2889883.0
2020-06-02 09:55:51.000,2897000.0,2897000.0,0.0,2896227.46,16.05,12169.46,2884058.0
2020-06-02 09:55:54.000,2896800.0,2896800.0,0.0,2896005.46,5.0,9494.46,2886511.0
2020-06-02 09:56:00.000,2898100.0,2898100.0,0.0,2897286.46,10.0,2186.46,2895100.0
2020-06-02 09:56:03.000,2898200.0,2898200.0,0.0,2897385.46,5.0,159.46,2897226.0
2020-06-02 09:56:24.000,2898100.0,2898100.0,0.0,2897329.53,6.93,2039.53,2895290.0
2020-06-02 09:56:27.000,2898400.0,2898400.0,0.0,2897618.6,6.93,3923.6,2893695.0
2020-06-02 09:56:30.000,2898000.0,2898000.0,0.0,2897218.67,6.93,5809.67,2891409.0
2020-06-02 09:56:33.000,2898300.0,2898300.0,0.0,2897523.67,5.0,3480.67,2894043.0
2020-06-02 09:56:36.000,2897900.0,2897900.0,0.0,2897134.61,7.06,5496.61,2891638.0
2020-06-02 09:56:39.000,2898800.0,2898800.0,0.0,2898013.61,5.0,3167.61,2894846.0
2020-06-02 09:56:42.000,2899500.0,2899500.0,0.0,2898708.61,5.0,1270.61,2897438.0
2020-06-02 09:57:12.000,2900500.0,2900500.0,0.0,2899709.55,7.06,3288.55,2896421.0
2020-06-02 09:57:27.000,2899300.0,2899300.0,0.0,2898490.82,14.73,6759.82,2891731.0
2020-06-02 09:57:30.000,2899100.0,2899100.0,0.0,2898271.82,5.0,1141.82,2897130.0
2020-06-02 09:57:33.000,2898700.0,2898700.0,0.0,2897854.45,7.37,3450.45,2894404.0
2020-06-02 09:57:36.000,2899300.0,2899300.0,0.0,2898440.45,5.0,2571.45,2895869.0
2020-06-02 09:58:09.000,2899500.0,2899500.0,0.0,2898657.45,5.0,549.45,2898108.0
2020-06-02 09:58:24.000,2898000.0,2898000.0,0.0,2897147.83,16.62,7016.83,2890131.0
2020-06-02 09:58:33.000,2897400.0,2897400.0,0.0,2896555.83,5.0,5127.83,2891428.0
2020-06-02 09:58:45.000,2897600.0,2897600.0,0.0,2896749.83,5.0,2806.83,2893943.0
2020-06-02 09:58:48.000,2897600.0,2897600.0,0.0,2896740.11,10.72,8402.11,2888338.0
2020-06-02 09:58:57.000,2898100.0,2898100.0,0.0,2897228.11,5.0,6512.11,2890716.0
2020-06-02 09:59:00.000,2897600.0,2897600.0,0.0,2896717.41,7.7,9153.41,2887564.0
2020-06-02 09:59:03.000,2897300.0,2897300.0,0.0,2896419.41,5.0,7267.41,2889152.0
2020-06-02 09:59:06.000,2897000.0,2897000.0,0.0,2896122.41,10.0,-660.59,2896783.0
2020-06-02 09:59:09.000,2897300.0,2897300.0,0.0,2896420.24,6.17,487.24,2895933.0
2020-06-02 09:59:15.000,2896900.0,2896900.0,0.0,2896013.18,7.06,2504.18,2893509.0
2020-06-02 09:59:21.000,2897700.0,2897700.0,0.0,2896819.18,5.0,180.18,2896639.0
2020-06-02 09:59:48.000,2897300.0,2897300.0,0.0,2896433.81,7.37,2493.81,2893940.0
2020-06-02 10:00:00.000,2898100.0,2898100.0,0.0,2897224.88,6.93,4374.88,2892850.0
2020-06-02 10:00:09.000,2897400.0,2897400.0,0.0,2896532.53,6.35,5687.53,2890845.0
2020-06-02 10:00:15.000,2897200.0,2897200.0,0.0,2896327.47,7.06,7697.47,2888630.0
2020-06-02 10:00:18.000,2897600.0,2897600.0,0.0,2896722.47,5.0,1772.47,2894950.0
2020-06-02 10:01:06.000,2899200.0,2899200.0,0.0,2898356.47,5.0,1299.47,2897057.0
2020-06-02 10:02:42.000,2908400.0,2908400.0,0.0,2907454.09,7.38,3624.09,2903830.0
2020-06-02 10:02:54.000,2908500.0,2908500.0,0.0,2907550.09,5.0,1730.09,2905820.0
2020-06-02 10:03:00.000,2909600.0,2909600.0,0.0,2908650.09,5.0,409.09,2908241.0
2020-06-02 10:03:21.000,2914000.0,2914000.0,0.0,2913066.33,10.76,6046.33,2907020.0
2020-06-02 10:03:27.000,2913900.0,2913900.0,0.0,2913006.36,6.97,7965.36,2905041.0
2020-06-02 10:03:30.000,2914800.0,2914800.0,0.0,2913899.38,6.98,9893.38,2904006.0
2020-06-02 10:03:36.000,2915900.0,2915900.0,0.0,2914989.39,6.99,11831.39,2903158.0
2020-06-02 10:03:39.000,2915400.0,2915400.0,0.0,2914471.39,7.0,13784.39,2900687.0
2020-06-02 10:03:42.000,2913800.0,2913800.0,0.0,2912912.39,5.0,11833.39,2901079.0
2020-06-02 10:03:45.000,2915900.0,2915900.0,0.0,2914990.39,5.0,7936.39,2907054.0
2020-06-02 10:03:48.000,2915800.0,2915800.0,0.0,2914892.39,5.0,5985.39,2908907.0
2020-06-02 10:03:51.000,2915400.0,2915400.0,0.0,2914484.39,5.0,4034.39,2910450.0
2020-06-02 10:03:54.000,2916900.0,2916900.0,0.0,2916005.39,7.0,5987.39,2910018.0
2020-06-02 10:03:57.000,2917000.0,2917000.0,0.0,2916098.39,7.0,7940.39,2908158.0
2020-06-02 10:04:21.000,2917800.0,2917800.0,0.0,2916914.65,10.74,13557.65,2903357.0
2020-06-02 10:04:27.000,2917800.0,2917800.0,0.0,2916899.91,15.74,17132.91,2899767.0
2020-06-02 10:04:33.000,2918600.0,2918600.0,0.0,2917678.17,15.74,20097.17,2897581.0
2020-06-02 10:04:36.000,2919100.0,2919100.0,0.0,2918172.17,5.0,14794.17,2903378.0
2020-06-02 10:04:39.000,2919100.0,2919100.0,0.0,2918162.17,5.0,9491.17,2908671.0
2020-06-02 10:04:45.000,2919300.0,2919300.0,0.0,2918354.17,5.0,6837.17,2911517.0
2020-06-02 10:04:48.000,2917500.0,2917500.0,0.0,2916614.17,7.0,8790.17,2907824.0
2020-06-02 10:04:51.000,2920100.0,2920100.0,0.0,2919143.17,12.0,5109.17,2914034.0
2020-06-02 10:04:54.000,2919000.0,2919000.0,0.0,2918063.17,7.0,7062.17,2911001.0
2020-06-02 10:04:57.000,2918900.0,2918900.0,0.0,2917974.17,7.0,9015.17,2908959.0
2020-06-02 10:05:00.000,2918300.0,2918300.0,0.0,2917388.18,6.99,10962.18,2906426.0
2020-06-02 10:05:03.000,2918500.0,2918500.0,0.0,2917582.19,6.99,12909.19,2904673.0
2020-06-02 10:05:06.000,2918200.0,2918200.0,0.0,2917273.2,6.99,14856.2,2902417.0
2020-06-02 10:05:09.000,2918700.0,2918700.0,0.0,2917742.21,6.99,16803.21,2900939.0
2020-06-02 10:05:12.000,2918500.0,2918500.0,0.0,2917545.22,11.99,7501.22,2910044.0
2020-06-02 10:05:15.000,2920300.0,2920300.0,0.0,2919318.23,11.99,3812.23,2915506.0
2020-06-02 10:05:18.000,2919900.0,2919900.0,0.0,2918898.16,23.07,9057.16,2909841.0
2020-06-02 10:05:24.000,2919800.0,2919800.0,0.0,2918818.16,5.0,6721.16,2912097.0
2020-06-02 10:05:27.000,2918600.0,2918600.0,0.0,2917609.08,7.08,8753.08,2908856.0
2020-06-02 10:05:30.000,2918200.0,2918200.0,0.0,2917191.09,6.99,10698.09,2906493.0
2020-06-02 10:05:33.000,2918000.0,2918000.0,0.0,2917051.09,5.0,5073.09,2911978.0
2020-06-02 10:05:39.000,2916700.0,2916700.0,0.0,2915799.09,5.0,1184.09,2914615.0
2020-06-02 10:05:54.000,2916300.0,2916300.0,0.0,2915425.01,7.08,3217.01,2912208.0
2020-06-02 10:05:57.000,2915200.0,2915200.0,0.0,2914283.01,5.0,1272.01,2913011.0
2020-06-02 10:06:03.000,2914900.0,2914900.0,0.0,2914004.32,7.69,3908.32,2910096.0
2020-06-02 10:06:06.000,2915200.0,2915200.0,0.0,2914270.3,7.02,5882.3,2908388.0
2020-06-02 10:06:09.000,2915200.0,2915200.0,0.0,2914267.2,14.1,9886.2,2904381.0
2020-06-02 10:06:12.000,2914000.0,2914000.0,0.0,2913058.12,7.08,11916.12,2901142.0
2020-06-02 10:06:18.000,2913600.0,2913600.0,0.0,2912656.12,5.0,8033.12,2904623.0
2020-06-02 10:06:21.000,2913400.0,2913400.0,0.0,2912450.12,5.0,4150.12,2908300.0
2020-06-02 10:06:33.000,2913800.0,2913800.0,0.0,2912808.12,5.0,2167.12,2910641.0
2020-06-02 10:06:51.000,2913900.0,2913900.0,0.0,2912899.12,5.0,216.12,2912683.0
2020-06-02 10:07:03.000,2915100.0,2915100.0,0.0,2914086.13,6.99,2159.13,2911927.0
2020-06-02 10:07:06.000,2915300.0,2915300.0,0.0,2914287.39,9.74,6797.39,2907490.0
2020-06-02 10:07:09.000,2915300.0,2915300.0,0.0,2914250.39,10.0,2851.39,2911399.0
2020-06-02 10:07:12.000,2916100.0,2916100.0,0.0,2915022.02,7.37,5165.02,2909857.0
2020-06-02 10:07:15.000,2914500.0,2914500.0,0.0,2913449.02,5.0,1254.02,2912195.0
2020-06-02 10:07:24.000,2913300.0,2913300.0,0.0,2912219.65,7.37,3563.65,2908656.0
2020-06-02 10:07:30.000,2913600.0,2913600.0,0.0,2912529.65,5.0,1241.65,2911288.0
2020-06-02 10:07:42.000,2913500.0,2913500.0,0.0,2912424.96,7.69,3876.96,2908548.0
2020-06-02 10:07:48.000,2912100.0,2912100.0,0.0,2911004.94,7.02,5844.94,2905160.0
2020-06-02 10:07:51.000,2912000.0,2912000.0,0.0,2910904.25,12.69,4569.25,2906335.0
2020-06-02 10:07:54.000,2912000.0,2912000.0,0.0,2910902.25,5.0,2611.25,2908291.0
2020-06-02 10:08:00.000,2911500.0,2911500.0,0.0,2910398.25,10.0,-1385.75,2911784.0
2020-06-02 10:08:06.000,2912200.0,2912200.0,0.0,2911107.52,10.73,4219.52,2906888.0
2020-06-02 10:08:09.000,2910900.0,2910900.0,0.0,2909787.52,5.0,2261.52,2907526.0
2020-06-02 10:08:12.000,2911300.0,2911300.0,0.0,2910199.52,12.0,2177.52,2908022.0
2020-06-02 10:08:15.000,2911800.0,2911800.0,0.0,2910687.52,7.0,4130.52,2906557.0
2020-06-02 10:08:18.000,2912300.0,2912300.0,0.0,2911170.52,17.0,1721.52,2909449.0
2020-06-02 10:08:42.000,2911500.0,2911500.0,0.0,2910357.52,5.0,839.52,2909518.0
2020-06-02 10:09:24.000,2910200.0,2910200.0,0.0,2909056.44,7.08,2870.44,2906186.0
2020-06-02 10:09:42.000,2909500.0,2909500.0,0.0,2908354.44,5.0,547.44,2907807.0
2020-06-02 10:09:45.000,2909200.0,2909200.0,0.0,2908047.54,5.9,1417.54,2906630.0
2020-06-02 10:10:18.000,2905600.0,2905600.0,0.0,2904444.47,7.07,3440.47,2901004.0
2020-06-02 10:10:21.000,2905000.0,2905000.0,0.0,2903829.47,10.0,-575.53,2904405.0
2020-06-02 10:11:24.000,2899900.0,2899900.0,0.0,2898720.11,7.36,1732.11,2896988.0
2020-06-02 10:11:33.000,2899900.0,2899900.0,0.0,2898710.75,7.36,4038.75,2894672.0
2020-06-02 10:11:36.000,2900100.0,2900100.0,0.0,2898904.75,5.0,1998.75,2896906.0
2020-06-02 10:12:12.000,2897600.0,2897600.0,0.0,2896399.74,7.01,3960.74,2892439.0
2020-06-02 10:12:18.000,2897900.0,2897900.0,0.0,2896694.74,5.0,1641.74,2895053.0
2020-06-02 10:12:24.000,2898100.0,2898100.0,0.0,2896885.38,7.36,3948.38,2892937.0
2020-06-02 10:12:39.000,2897700.0,2897700.0,0.0,2896487.38,5.0,1358.38,2895129.0
2020-06-02 10:12:42.000,2899200.0,2899200.0,0.0,2897987.73,7.65,3945.73,2894042.0
2020-06-02 10:12:48.000,2899600.0,2899600.0,0.0,2898375.73,5.0,1971.73,2896404.0
2020-06-02 10:13:27.000,2898800.0,2898800.0,0.0,2897572.73,5.0,651.73,2896921.0
2020-06-02 10:13:33.000,2899300.0,2899300.0,0.0,2898067.73,5.0,100.73,2897967.0
2020-06-02 10:14:36.000,2899900.0,2899900.0,0.0,2898667.73,7.0,2051.73,2896616.0
2020-06-02 10:14:39.000,2899500.0,2899500.0,0.0,2898258.73,7.0,4002.73,2894256.0
2020-06-02 10:14:42.000,2899600.0,2899600.0,0.0,2898353.17,5.56,4542.17,2893811.0
2020-06-02 10:14:48.000,2899700.0,2899700.0,0.0,2898444.17,7.0,6494.17,2891950.0
2020-06-02 10:14:51.000,2899500.0,2899500.0,0.0,2898240.17,5.0,1863.17,2896377.0
2020-06-02 10:15:03.000,2900100.0,2900100.0,0.0,2898841.52,7.65,4453.52,2894388.0
2020-06-02 10:15:12.000,2900500.0,2900500.0,0.0,2899232.52,5.0,2133.52,2897099.0
2020-06-02 10:15:18.000,2900500.0,2900500.0,0.0,2899229.52,5.0,99.52,2899130.0
2020-06-02 10:15:27.000,2900200.0,2900200.0,0.0,2898926.04,5.48,563.04,2898363.0
2020-06-02 10:15:54.000,2901800.0,2901800.0,0.0,2900500.97,7.07,2585.97,2897915.0
2020-06-02 10:16:18.000,2900600.0,2900600.0,0.0,2899292.49,5.48,3049.49,2896243.0
2020-06-02 10:16:30.000,2900000.0,2900000.0,0.0,2898692.49,5.0,1014.49,2897678.0
2020-06-02 10:16:36.000,2899000.0,2899000.0,0.0,2897700.13,7.36,3318.13,2894382.0
2020-06-02 10:17:15.000,2896000.0,2896000.0,0.0,2894689.13,5.0,736.13,2893953.0
2020-06-02 10:17:21.000,2896000.0,2896000.0,0.0,2894685.77,7.36,3036.77,2891649.0
2020-06-02 10:17:27.000,2895400.0,2895400.0,0.0,2894084.77,5.0,1070.77,2893014.0
2020-06-02 10:17:45.000,2895200.0,2895200.0,0.0,2893871.77,7.0,3027.77,2890844.0
2020-06-02 10:17:48.000,2894800.0,2894800.0,0.0,2893478.1,10.67,8573.1,2884905.0
2020-06-02 10:17:51.000,2895400.0,2895400.0,0.0,2894054.1,5.0,6602.1,2887452.0
2020-06-02 10:17:54.000,2895000.0,2895000.0,0.0,2893651.1,5.0,4631.1,2889020.0
2020-06-02 10:18:06.000,2895200.0,2895200.0,0.0,2893845.03,7.07,6653.03,2887192.0
2020-06-02 10:18:15.000,2894500.0,2894500.0,0.0,2893142.03,5.0,4342.03,2888800.0
2020-06-02 10:18:18.000,2894400.0,2894400.0,0.0,2893030.68,11.35,3341.68,2889689.0
2020-06-02 10:18:21.000,2894300.0,2894300.0,0.0,2892925.68,5.0,1030.68,2891895.0
2020-06-02 10:18:30.000,2894100.0,2894100.0,0.0,2892721.03,10.65,6564.03,2886157.0
2020-06-02 10:18:48.000,2891900.0,2891900.0,0.0,2890541.03,5.0,637.03,2889904.0
2020-06-02 10:20:00.000,2892700.0,2892700.0,0.0,2891343.96,7.07,2662.96,2888681.0
2020-06-02 10:20:06.000,2893700.0,2893700.0,0.0,2892328.96,5.0,1336.96,2890992.0
2020-06-02 10:20:30.000,2890800.0,2890800.0,0.0,2889461.91,11.05,7257.91,2882204.0
2020-06-02 10:20:33.000,2890800.0,2890800.0,0.0,2889451.91,10.0,-2737.09,2892189.0
2020-06-02 10:21:06.000,2890200.0,2890200.0,0.0,2888827.43,25.48,7500.43,2881327.0
2020-06-02 10:21:09.000,2889500.0,2889500.0,0.0,2888121.07,7.36,9798.07,2878323.0
2020-06-02 10:21:27.000,2890800.0,2890800.0,0.0,2889406.07,5.0,4268.07,2885138.0
2020-06-02 10:21:33.000,2891000.0,2891000.0,0.0,2889601.07,5.0,349.07,2889252.0
2020-06-02 10:21:39.000,2891000.0,2891000.0,0.0,2889597.07,9.0,4258.07,2885339.0
2020-06-02 10:21:42.000,2890700.0,2890700.0,0.0,2889293.07,5.0,2296.07,2886997.0
2020-06-02 10:22:00.000,2889600.0,2889600.0,0.0,2888186.18,5.89,3162.18,2885024.0
2020-06-02 10:22:09.000,2889700.0,2889700.0,0.0,2888280.18,5.0,579.18,2887701.0
2020-06-02 10:22:27.000,2888800.0,2888800.0,0.0,2887366.2,14.98,5439.2,2881927.0
2020-06-02 10:22:30.000,2888700.0,2888700.0,0.0,2887256.85,7.35,7730.85,2879526.0
2020-06-02 10:22:33.000,2888800.0,2888800.0,0.0,2887353.5,7.35,10020.5,2877333.0
2020-06-02 10:22:36.000,2888900.0,2888900.0,0.0,2887443.15,12.35,6779.15,2880664.0
2020-06-02 10:22:39.000,2888400.0,2888400.0,0.0,2886940.81,7.34,9066.81,2877874.0
2020-06-02 10:22:42.000,2888300.0,2888300.0,0.0,2886838.47,7.34,11353.47,2875485.0
2020-06-02 10:22:51.000,2888600.0,2888600.0,0.0,2887130.47,12.0,12427.47,2874703.0
2020-06-02 10:22:54.000,2887800.0,2887800.0,0.0,2886321.13,7.34,14714.13,2871607.0
2020-06-02 10:23:03.000,2887100.0,2887100.0,0.0,2885616.79,7.34,16999.79,2868617.0
2020-06-02 10:23:12.000,2887200.0,2887200.0,0.0,2885703.16,15.63,20549.16,2865154.0
2020-06-02 10:23:21.000,2887100.0,2887100.0,0.0,2885576.53,10.63,26057.53,2859519.0
2020-06-02 10:23:24.000,2887100.0,2887100.0,0.0,2885571.53,5.0,24101.53,2861470.0
2020-06-02 10:23:27.000,2886900.0,2886900.0,0.0,2885396.53,5.0,18181.53,2867215.0
2020-06-02 10:23:30.000,2888100.0,2888100.0,0.0,2886541.53,15.0,4774.53,2881767.0
2020-06-02 10:23:36.000,2887600.0,2887600.0,0.0,2886024.54,6.99,6718.54,2879306.0
2020-06-02 10:23:39.000,2887600.0,2887600.0,0.0,2885998.55,11.99,6356.55,2879642.0
2020-06-02 10:23:42.000,2887600.0,2887600.0,0.0,2885995.55,5.0,4052.55,2881943.0
2020-06-02 10:23:48.000,2888000.0,2888000.0,0.0,2886401.56,11.99,3958.56,2882443.0
2020-06-02 10:23:51.000,2888400.0,2888400.0,0.0,2886795.56,5.0,1655.56,2885140.0
2020-06-02 10:24:30.000,2887400.0,2887400.0,0.0,2885789.49,7.07,3678.49,2882111.0
2020-06-02 10:24:39.000,2886700.0,2886700.0,0.0,2885080.49,5.0,1376.49,2883704.0
2020-06-02 10:26:24.000,2889100.0,2889100.0,0.0,2887471.45,11.04,7288.45,2880183.0
2020-06-02 10:26:30.000,2888800.0,2888800.0,0.0,2887178.45,5.0,3399.45,2883779.0
2020-06-02 10:26:33.000,2889100.0,2889100.0,0.0,2887465.45,5.0,799.45,2886666.0
2020-06-02 10:26:42.000,2889200.0,2889200.0,0.0,2887569.41,11.04,6713.41,2880856.0
2020-06-02 10:26:54.000,2889300.0,2889300.0,0.0,2887654.41,5.0,1183.41,2886471.0
2020-06-02 10:27:54.000,2888400.0,2888400.0,0.0,2886734.34,7.07,3206.34,2883528.0
2020-06-02 10:27:57.000,2888200.0,2888200.0,0.0,2886529.34,5.0,1259.34,2885270.0
2020-06-02 10:28:27.000,2889500.0,2889500.0,0.0,2887800.71,10.63,6769.71,2881031.0
2020-06-02 10:28:30.000,2889600.0,2889600.0,0.0,2887891.71,5.0,4458.71,2883433.0
2020-06-02 10:28:39.000,2888800.0,2888800.0,0.0,2887090.71,5.0,2147.71,2884943.0
2020-06-02 10:28:42.000,2888500.0,2888500.0,0.0,2886791.71,5.0,199.71,2886592.0
2020-06-02 10:29:09.000,2890200.0,2890200.0,0.0,2888474.06,7.65,2787.06,2885687.0
2020-06-02 10:29:12.000,2890200.0,2890200.0,0.0,2888462.06,10.0,-125.94,2888588.0
2020-06-02 10:29:27.000,2889800.0,2889800.0,0.0,2888060.71,6.35,1188.71,2886872.0
2020-06-02 10:29:33.000,2888200.0,2888200.0,0.0,2886468.71,5.0,33.71,2886435.0
2020-06-02 10:29:36.000,2887600.0,2887600.0,0.0,2885866.73,6.98,1969.73,2883897.0
2020-06-02 10:29:57.000,2887500.0,2887500.0,0.0,2885762.73,5.0,21.73,2885741.0
2020-06-02 10:30:00.000,2886800.0,2886800.0,0.0,2885043.23,16.5,6377.23,2878666.0
2020-06-02 10:30:03.000,2886000.0,2886000.0,0.0,2884241.62,10.61,11862.62,2872379.0
2020-06-02 10:30:09.000,2884200.0,2884200.0,0.0,2882476.03,10.59,17334.03,2865142.0
2020-06-02 10:30:12.000,2883900.0,2883900.0,0.0,2882192.03,5.0,15022.03,2867170.0
2020-06-02 10:30:15.000,2883600.0,2883600.0,0.0,2881900.03,5.0,12987.03,2868913.0
2020-06-02 10:30:21.000,2883400.0,2883400.0,0.0,2881683.03,5.0,7506.03,2874177.0
2020-06-02 10:30:24.000,2882300.0,2882300.0,0.0,2880592.05,16.98,4545.05,2876047.0
2020-06-02 10:30:27.000,2881300.0,2881300.0,0.0,2879589.05,5.0,1959.05,2877630.0
2020-06-02 10:30:30.000,2881500.0,2881500.0,0.0,2879760.02,11.03,7862.02,2871898.0
2020-06-02 10:30:36.000,2880600.0,2880600.0,0.0,2878861.02,5.0,5278.02,2873583.0
2020-06-02 10:30:39.000,2881000.0,2881000.0,0.0,2879250.95,7.07,7296.95,2871954.0
2020-06-02 10:30:45.000,2880600.0,2880600.0,0.0,2878847.95,5.0,1823.95,2877024.0
2020-06-02 10:30:51.000,2880800.0,2880800.0,0.0,2879024.96,6.99,3762.96,2875262.0
2020-06-02 10:30:57.000,2880200.0,2880200.0,0.0,2878420.92,14.04,7706.92,2870714.0
2020-06-02 10:31:00.000,2880700.0,2880700.0,0.0,2878907.92,5.0,2227.92,2876680.0
2020-06-02 10:31:09.000,2879500.0,2879500.0,0.0,2877691.3,7.62,4789.3,2872902.0
2020-06-02 10:31:15.000,2879800.0,2879800.0,0.0,2877972.27,11.03,10685.27,2867287.0
2020-06-02 10:31:18.000,2879700.0,2879700.0,0.0,2877869.27,5.0,8377.27,2869492.0
2020-06-02 10:31:21.000,2879900.0,2879900.0,0.0,2878059.27,5.0,6068.27,2871991.0
2020-06-02 10:31:36.000,2880100.0,2880100.0,0.0,2878240.27,5.0,2029.27,2876211.0
2020-06-02 10:32:09.000,2882500.0,2882500.0,0.0,2880640.21,7.06,4046.21,2876594.0
2020-06-02 10:32:15.000,2882300.0,2882300.0,0.0,2880425.21,5.0,2019.21,2878406.0
2020-06-02 10:32:39.000,2883400.0,2883400.0,0.0,2881502.22,6.99,3961.22,2877541.0
2020-06-02 10:32:42.000,2883500.0,2883500.0,0.0,2881597.22,5.0,2007.22,2879590.0
2020-06-02 10:32:54.000,2882900.0,2882900.0,0.0,2880990.22,5.0,49.22,2880941.0
2020-06-02 10:32:57.000,2883800.0,2883800.0,0.0,2881895.22,7.0,2002.22,2879893.0
2020-06-02 10:33:00.000,2882900.0,2882900.0,0.0,2880992.22,5.0,44.22,2880948.0
2020-06-02 10:33:03.000,2884100.0,2884100.0,0.0,2882184.22,7.0,1997.22,2880187.0
2020-06-02 10:33:27.000,2883900.0,2883900.0,0.0,2881970.16,7.06,4014.16,2877956.0
2020-06-02 10:33:48.000,2883400.0,2883400.0,0.0,2881455.16,5.0,2053.16,2879402.0
2020-06-02 10:33:51.000,2884000.0,2884000.0,0.0,2882039.6,22.56,7484.6,2874555.0
2020-06-02 10:33:54.000,2883900.0,2883900.0,0.0,2881932.02,10.58,12942.02,2868990.0
2020-06-02 10:33:57.000,2883700.0,2883700.0,0.0,2881726.44,10.58,18397.44,2863329.0
2020-06-02 10:34:09.000,2881900.0,2881900.0,0.0,2879938.87,10.57,23844.87,2856094.0
2020-06-02 10:34:15.000,2881400.0,2881400.0,0.0,2879458.87,5.0,17910.87,2861548.0
2020-06-02 10:34:18.000,2881000.0,2881000.0,0.0,2879059.87,5.0,11976.87,2867083.0
2020-06-02 10:34:27.000,2880300.0,2880300.0,0.0,2878359.31,10.56,17414.31,2860945.0
2020-06-02 10:34:48.000,2877100.0,2877100.0,0.0,2875308.31,12.0,13944.31,2861364.0
2020-06-02 10:34:54.000,2876600.0,2876600.0,0.0,2874817.31,7.0,15896.31,2858921.0
2020-06-02 10:35:00.000,2876600.0,2876600.0,0.0,2874804.31,12.0,7019.31,2867785.0
2020-06-02 10:35:06.000,2876700.0,2876700.0,0.0,2874901.31,10.0,2446.31,2872455.0
2020-06-02 10:35:09.000,2879100.0,2879100.0,0.0,2877241.31,5.0,125.31,2877116.0
2020-06-02 10:35:15.000,2877900.0,2877900.0,0.0,2876098.72,7.59,2659.72,2873439.0
2020-06-02 10:35:42.000,2879000.0,2879000.0,0.0,2877162.72,5.0,337.72,2876825.0
2020-06-02 10:35:51.000,2879300.0,2879300.0,0.0,2877457.65,7.07,2359.65,2875098.0
2020-06-02 10:36:03.000,2878900.0,2878900.0,0.0,2877063.65,5.0,32.65,2877031.0
2020-06-02 10:36:09.000,2879700.0,2879700.0,0.0,2877839.04,7.61,2582.04,2875257.0
2020-06-02 10:36:24.000,2879000.0,2879000.0,0.0,2877153.87,6.17,3726.87,2873427.0
2020-06-02 10:36:36.000,2880200.0,2880200.0,0.0,2878320.87,5.0,1773.87,2876547.0
2020-06-02 10:36:51.000,2878700.0,2878700.0,0.0,2876835.14,9.73,6406.14,2870429.0
2020-06-02 10:37:06.000,2880000.0,2880000.0,0.0,2878099.14,5.0,959.14,2877140.0
2020-06-02 10:37:09.000,2880000.0,2880000.0,0.0,2878095.77,7.37,3270.77,2874825.0
2020-06-02 10:37:18.000,2880000.0,2880000.0,0.0,2878088.77,5.0,1246.77,2876842.0
2020-06-02 10:37:21.000,2880700.0,2880700.0,0.0,2878777.16,7.61,3804.16,2874973.0
2020-06-02 10:37:24.000,2880000.0,2880000.0,0.0,2878078.16,5.0,1849.16,2876229.0
2020-06-02 10:37:33.000,2880100.0,2880100.0,0.0,2878169.79,7.37,4159.79,2874010.0
2020-06-02 10:37:36.000,2879900.0,2879900.0,0.0,2877967.79,5.0,2204.79,2875763.0
2020-06-02 10:37:39.000,2880100.0,2880100.0,0.0,2878162.79,5.0,249.79,2877913.0
2020-06-02 10:38:03.000,2881400.0,2881400.0,0.0,2879449.73,7.06,2264.73,2877185.0
2020-06-02 10:38:09.000,2880700.0,2880700.0,0.0,2878738.73,5.0,309.73,2878429.0
2020-06-02 10:39:51.000,2885000.0,2885000.0,0.0,2883016.74,6.99,2252.74,2880764.0
2020-06-02 10:40:00.000,2884900.0,2884900.0,0.0,2882912.74,5.0,224.74,2882688.0
2020-06-02 10:40:18.000,2883900.0,2883900.0,0.0,2881926.75,6.99,2165.75,2879761.0
2020-06-02 10:40:30.000,2880100.0,2880100.0,0.0,2878131.75,5.0,132.75,2877999.0
2020-06-02 10:40:33.000,2879300.0,2879300.0,0.0,2877328.58,6.17,1275.58,2876053.0
2020-06-02 10:40:57.000,2876600.0,2876600.0,0.0,2874660.06,10.52,6675.06,2867985.0
2020-06-02 10:41:03.000,2875800.0,2875800.0,0.0,2873858.55,15.51,6959.55,2866899.0
2020-06-02 10:41:06.000,2875500.0,2875500.0,0.0,2873557.04,15.51,9791.04,2863766.0
2020-06-02 10:41:12.000,2873300.0,2873300.0,0.0,2871421.04,5.0,7838.04,2863583.0
2020-06-02 10:41:24.000,2872400.0,2872400.0,0.0,2870545.99,7.05,9845.99,2860700.0
2020-06-02 10:41:27.000,2872400.0,2872400.0,0.0,2870548.46,10.53,4983.46,2865565.0
2020-06-02 10:41:30.000,2872600.0,2872600.0,0.0,2870732.19,10.27,4358.19,2866374.0
2020-06-02 10:41:39.000,2873400.0,2873400.0,0.0,2871532.19,5.0,3028.19,2868504.0
2020-06-02 10:41:48.000,2876900.0,2876900.0,0.0,2874938.68,10.51,8417.68,2866521.0
2020-06-02 10:41:54.000,2875900.0,2875900.0,0.0,2874004.8,22.88,2725.8,2871279.0
2020-06-02 10:42:00.000,2877200.0,2877200.0,0.0,2875223.81,6.99,4667.81,2870556.0
2020-06-02 10:42:09.000,2875700.0,2875700.0,0.0,2873786.54,5.27,4922.54,2868864.0
2020-06-02 10:42:24.000,2876500.0,2876500.0,0.0,2874561.47,7.07,6942.47,2867619.0
2020-06-02 10:42:39.000,2876600.0,2876600.0,0.0,2874594.47,10.0,-1020.53,2875615.0
2020-06-02 10:43:09.000,2878800.0,2878800.0,0.0,2876810.48,6.99,921.48,2875889.0
2020-06-02 10:43:57.000,2878600.0,2878600.0,0.0,2876620.97,10.51,6308.97,2870312.0
2020-06-02 10:44:06.000,2877600.0,2877600.0,0.0,2875670.97,10.0,3202.97,2872468.0
2020-06-02 10:44:09.000,2878200.0,2878200.0,0.0,2876254.62,11.35,2496.62,2873758.0
2020-06-02 10:44:21.000,2879100.0,2879100.0,0.0,2877085.55,11.07,8433.55,2868652.0
2020-06-02 10:44:27.000,2879400.0,2879400.0,0.0,2877347.55,5.0,3022.55,2874325.0
2020-06-02 10:44:30.000,2877600.0,2877600.0,0.0,2875574.49,11.06,8950.49,2866624.0
2020-06-02 10:44:42.000,2878500.0,2878500.0,0.0,2876441.49,5.0,3543.49,2872898.0
2020-06-02 10:44:48.000,2879200.0,2879200.0,0.0,2877133.49,5.0,1591.49,2875542.0
2020-06-02 10:44:54.000,2879900.0,2879900.0,0.0,2877837.49,5.0,437.49,2877400.0
2020-06-02 10:45:30.000,2881800.0,2881800.0,0.0,2879731.5,6.99,2381.5,2877350.0
2020-06-02 10:45:39.000,2880800.0,2880800.0,0.0,2878724.45,7.05,4389.45,2874335.0
2020-06-02 10:45:54.000,2882000.0,2882000.0,0.0,2879877.82,7.63,6960.82,2872917.0
2020-06-02 10:46:03.000,2883400.0,2883400.0,0.0,2881277.82,5.0,4634.82,2876643.0
2020-06-02 10:46:06.000,2883900.0,2883900.0,0.0,2881767.82,5.0,2679.82,2879088.0
2020-06-02 10:46:15.000,2884300.0,2884300.0,0.0,2882159.82,5.0,725.82,2881434.0
2020-06-02 10:46:30.000,2884300.0,2884300.0,0.0,2882162.55,5.27,983.55,2881179.0
2020-06-02 10:46:48.000,2884600.0,2884600.0,0.0,2882462.28,10.27,6141.28,2876321.0
2020-06-02 10:46:54.000,2884300.0,2884300.0,0.0,2882166.28,5.0,4811.28,2877355.0
2020-06-02 10:47:15.000,2882700.0,2882700.0,0.0,2880622.11,11.17,3361.11,2877261.0
2020-06-02 10:47:48.000,2881300.0,2881300.0,0.0,2879221.11,5.0,1342.11,2877879.0
2020-06-02 10:48:09.000,2881500.0,2881500.0,0.0,2879430.75,6.36,2661.75,2876769.0
2020-06-02 10:48:12.000,2881200.0,2881200.0,0.0,2879128.75,5.0,641.75,2878487.0
2020-06-02 10:48:21.000,2881400.0,2881400.0,0.0,2879333.75,5.0,373.75,2878960.0
2020-06-02 10:48:45.000,2882800.0,2882800.0,0.0,2880700.76,6.99,2313.76,2878387.0
2020-06-02 10:48:51.000,2882300.0,2882300.0,0.0,2880199.76,5.0,355.76,2879844.0
2020-06-02 10:48:54.000,2883100.0,2883100.0,0.0,2880999.76,7.0,2308.76,2878691.0
2020-06-02 10:49:00.000,2882600.0,2882600.0,0.0,2880494.76,5.0,350.76,2880144.0
2020-06-02 10:49:09.000,2883300.0,2883300.0,0.0,2881187.76,7.0,2303.76,2878884.0
2020-06-02 10:49:12.000,2883300.0,2883300.0,0.0,2881179.7,7.06,4313.7,2876866.0
2020-06-02 10:49:21.000,2883200.0,2883200.0,0.0,2881071.71,6.99,6253.71,2874818.0
2020-06-02 10:49:27.000,2883000.0,2883000.0,0.0,2880855.71,5.0,284.71,2880571.0
2020-06-02 10:49:33.000,2882100.0,2882100.0,0.0,2879948.33,7.38,2606.33,2877342.0
2020-06-02 10:49:51.000,2881000.0,2881000.0,0.0,2878867.98,6.35,3919.98,2874948.0
2020-06-02 10:49:54.000,2881000.0,2881000.0,0.0,2878861.63,6.35,5233.63,2873628.0
2020-06-02 10:49:57.000,2881100.0,2881100.0,0.0,2878940.23,13.4,8553.23,2870387.0
2020-06-02 10:50:00.000,2881300.0,2881300.0,0.0,2879118.74,24.49,17828.74,2861290.0
2020-06-02 10:50:03.000,2880400.0,2880400.0,0.0,2878213.9,16.84,24510.9,2853703.0
2020-06-02 10:50:36.000,2877200.0,2877200.0,0.0,2875081.9,5.0,19153.9,2855928.0
2020-06-02 10:50:45.000,2876600.0,2876600.0,0.0,2874494.44,10.46,24491.44,2850003.0
2020-06-02 10:50:48.000,2876500.0,2876500.0,0.0,2874376.98,15.46,28497.98,2845879.0
2020-06-02 10:50:51.000,2875600.0,2875600.0,0.0,2873472.98,5.0,25842.98,2847630.0
2020-06-02 10:50:54.000,2874300.0,2874300.0,0.0,2872197.98,5.0,23884.98,2848313.0
2020-06-02 10:51:00.000,2876200.0,2876200.0,0.0,2874053.52,17.46,31175.52,2842878.0
2020-06-02 10:51:15.000,2873200.0,2873200.0,0.0,2871094.52,10.0,27886.52,2843208.0
2020-06-02 10:51:21.000,2871600.0,2871600.0,0.0,2869576.52,5.0,25928.52,2843648.0
2020-06-02 10:51:24.000,2872100.0,2872100.0,0.0,2870068.52,5.0,23970.52,2846098.0
2020-06-02 10:51:27.000,2872000.0,2872000.0,0.0,2869964.52,10.0,16682.52,2853282.0
2020-06-02 10:51:30.000,2872200.0,2872200.0,0.0,2870210.52,7.0,18635.52,2851575.0
2020-06-02 10:51:33.000,2872100.0,2872100.0,0.0,2870099.52,12.0,18637.52,2851462.0
2020-06-02 10:51:36.000,2872600.0,2872600.0,0.0,2870572.52,17.0,13312.52,2857260.0
2020-06-02 10:51:39.000,2871300.0,2871300.0,0.0,2869261.52,7.0,15265.52,2853996.0
2020-06-02 10:51:54.000,2870700.0,2870700.0,0.0,2868678.52,5.0,9945.52,2858733.0
2020-06-02 10:51:57.000,2870900.0,2870900.0,0.0,2868873.52,5.0,4625.52,2864248.0
2020-06-02 10:52:21.000,2868200.0,2868200.0,0.0,2866163.54,6.98,6555.54,2859608.0
2020-06-02 10:52:24.000,2868500.0,2868500.0,0.0,2866458.54,5.0,1240.54,2865218.0
2020-06-02 10:53:00.000,2866900.0,2866900.0,0.0,2864849.13,10.41,6529.13,2858320.0
2020-06-02 10:53:03.000,2866700.0,2866700.0,0.0,2864635.72,15.41,9858.72,2854777.0
2020-06-02 10:53:06.000,2866600.0,2866600.0,0.0,2864523.72,10.0,5888.72,2858635.0
2020-06-02 10:53:09.000,2866100.0,2866100.0,0.0,2864027.72,5.0,3930.72,2860097.0
2020-06-02 10:53:12.000,2865200.0,2865200.0,0.0,2863137.72,5.0,1972.72,2861165.0
2020-06-02 10:53:15.000,2865900.0,2865900.0,0.0,2863856.75,13.97,5849.75,2858007.0
2020-06-02 10:53:18.000,2866200.0,2866200.0,0.0,2864138.78,18.97,7714.78,2856424.0
2020-06-02 10:53:21.000,2865600.0,2865600.0,0.0,2863528.78,12.0,7654.78,2855874.0
2020-06-02 10:53:24.000,2865600.0,2865600.0,0.0,2863524.78,7.0,9607.78,2853917.0
2020-06-02 10:53:27.000,2865800.0,2865800.0,0.0,2863727.81,11.97,9516.81,2854211.0
2020-06-02 10:53:33.000,2865900.0,2865900.0,0.0,2863829.81,5.0,7502.81,2856327.0
2020-06-02 10:53:36.000,2866100.0,2866100.0,0.0,2864024.81,5.0,5488.81,2858536.0
2020-06-02 10:53:39.000,2866100.0,2866100.0,0.0,2864011.81,5.0,200.81,2863811.0
2020-06-02 10:54:06.000,2868800.0,2868800.0,0.0,2866649.84,6.97,2125.84,2864524.0
2020-06-02 10:54:21.000,2870800.0,2870800.0,0.0,2868560.77,7.07,4147.77,2864413.0
2020-06-02 10:54:24.000,2871600.0,2871600.0,0.0,2869340.7,7.07,6168.7,2863172.0
2020-06-02 10:54:33.000,2871500.0,2871500.0,0.0,2869217.7,5.0,804.7,2868413.0
2020-06-02 10:54:45.000,2868300.0,2868300.0,0.0,2866039.65,7.05,2803.65,2863236.0
2020-06-02 10:54:48.000,2868600.0,2868600.0,0.0,2866338.65,5.0,148.65,2866190.0
2020-06-02 10:54:51.000,2869900.0,2869900.0,0.0,2867621.6,7.05,2149.6,2865472.0
2020-06-02 10:54:54.000,2867900.0,2867900.0,0.0,2865624.55,12.05,2192.55,2863432.0
2020-06-02 10:54:57.000,2867700.0,2867700.0,0.0,2865413.55,5.0,234.55,2865179.0
2020-06-02 10:55:06.000,2867800.0,2867800.0,0.0,2865530.55,7.0,2187.55,2863343.0
2020-06-02 10:55:09.000,2868000.0,2868000.0,0.0,2865720.55,12.0,2208.55,2863512.0
2020-06-02 10:55:12.000,2868100.0,2868100.0,0.0,2865807.93,7.62,4772.93,2861035.0
2020-06-02 10:55:21.000,2868700.0,2868700.0,0.0,2866403.93,5.0,2839.93,2863564.0
2020-06-02 10:55:30.000,2868800.0,2868800.0,0.0,2866506.93,5.0,523.93,2865983.0
2020-06-02 10:55:54.000,2869200.0,2869200.0,0.0,2866904.88,7.05,2528.88,2864376.0
2020-06-02 10:56:06.000,2869100.0,2869100.0,0.0,2866793.88,5.0,514.88,2866279.0
2020-06-02 10:56:36.000,2870000.0,2870000.0,0.0,2867669.83,7.05,2514.83,2865155.0
2020-06-02 10:56:42.000,2870100.0,2870100.0,0.0,2867758.78,12.05,3638.78,2864120.0
2020-06-02 10:56:45.000,2870100.0,2870100.0,0.0,2867751.78,5.0,1606.78,2866145.0
2020-06-02 10:57:00.000,2870700.0,2870700.0,0.0,2868340.78,5.0,277.78,2868063.0
2020-06-02 10:57:03.000,2870800.0,2870800.0,0.0,2868421.77,14.01,4190.77,2864231.0
2020-06-02 10:57:06.000,2870800.0,2870800.0,0.0,2868408.81,11.96,3519.81,2864889.0
2020-06-02 10:57:18.000,2870000.0,2870000.0,0.0,2867611.92,5.89,4385.92,2863226.0
2020-06-02 10:57:30.000,2870100.0,2870100.0,0.0,2867700.92,5.0,1799.92,2865901.0
2020-06-02 10:57:54.000,2871500.0,2871500.0,0.0,2869094.57,6.35,3117.57,2865977.0
2020-06-02 10:57:57.000,2871400.0,2871400.0,0.0,2868988.22,11.35,2477.22,2866511.0
2020-06-02 10:58:00.000,2872500.0,2872500.0,0.0,2870091.17,7.05,4476.17,2865615.0
2020-06-02 10:58:03.000,2873200.0,2873200.0,0.0,2870783.47,14.7,9063.47,2861720.0
2020-06-02 10:58:06.000,2873200.0,2873200.0,0.0,2870774.47,5.0,7031.47,2863743.0
2020-06-02 10:58:09.000,2873900.0,2873900.0,0.0,2871470.47,5.0,1656.47,2869814.0
2020-06-02 10:58:21.000,2873400.0,2873400.0,0.0,2870960.47,5.0,326.47,2870634.0
2020-06-02 10:58:45.000,2876000.0,2876000.0,0.0,2873555.47,7.0,2279.47,2871276.0
2020-06-02 10:58:57.000,2877100.0,2877100.0,0.0,2874653.47,5.0,356.47,2874297.0
2020-06-02 10:59:03.000,2877500.0,2877500.0,0.0,2875045.12,6.35,1675.12,2873370.0
2020-06-02 10:59:21.000,2877300.0,2877300.0,0.0,2874834.76,7.36,3982.76,2870852.0
2020-06-02 10:59:27.000,2877900.0,2877900.0,0.0,2875427.76,5.0,2057.76,2873370.0
2020-06-02 10:59:45.000,2878200.0,2878200.0,0.0,2875722.76,5.0,45.76,2875677.0
2020-06-02 11:00:21.000,2876500.0,2876500.0,0.0,2874018.21,5.55,581.21,2873437.0
2020-06-02 11:00:30.000,2876000.0,2876000.0,0.0,2873507.7,10.51,5969.7,2867538.0
2020-06-02 11:00:36.000,2874800.0,2874800.0,0.0,2872307.7,5.0,3958.7,2868349.0
2020-06-02 11:01:06.000,2870200.0,2870200.0,0.0,2867721.75,6.95,5858.75,2861863.0
2020-06-02 11:01:18.000,2869900.0,2869900.0,0.0,2867407.8,11.95,5754.8,2861653.0
2020-06-02 11:01:36.000,2869400.0,2869400.0,0.0,2866912.76,7.04,7751.76,2859161.0
2020-06-02 11:01:48.000,2867700.0,2867700.0,0.0,2865229.76,5.0,2404.76,2862825.0
2020-06-02 11:01:57.000,2866700.0,2866700.0,0.0,2864226.87,5.89,3270.87,2860956.0
2020-06-02 11:02:09.000,2867100.0,2867100.0,0.0,2864614.98,5.89,4136.98,2860478.0
2020-06-02 11:02:15.000,2866200.0,2866200.0,0.0,2863713.98,5.0,2222.98,2861491.0
2020-06-02 11:02:21.000,2866400.0,2866400.0,0.0,2863909.09,5.89,3089.09,2860820.0
2020-06-02 11:02:33.000,2866300.0,2866300.0,0.0,2863805.09,5.0,1176.09,2862629.0
2020-06-02 11:02:51.000,2866100.0,2866100.0,0.0,2863598.14,6.95,3076.14,2860522.0
2020-06-02 11:02:54.000,2866400.0,2866400.0,0.0,2863890.19,6.95,4977.19,2858913.0
2020-06-02 11:03:06.000,2867100.0,2867100.0,0.0,2864579.19,5.0,3061.19,2861518.0
2020-06-02 11:03:15.000,2865700.0,2865700.0,0.0,2863176.19,5.0,1103.19,2862073.0
2020-06-02 11:03:24.000,2866500.0,2866500.0,0.0,2863975.19,7.0,3056.19,2860919.0
2020-06-02 11:03:33.000,2866700.0,2866700.0,0.0,2864170.19,5.0,2510.19,2861660.0
2020-06-02 11:03:39.000,2866100.0,2866100.0,0.0,2863567.19,5.0,198.19,2863369.0
2020-06-02 11:04:15.000,2866000.0,2866000.0,0.0,2863465.25,6.94,2089.25,2861376.0
2020-06-02 11:04:24.000,2866000.0,2866000.0,0.0,2863458.31,6.94,3979.31,2859479.0
2020-06-02 11:04:51.000,2863400.0,2863400.0,0.0,2860878.95,6.36,5299.95,2855579.0
2020-06-02 11:05:06.000,2861900.0,2861900.0,0.0,2859365.95,5.0,3287.95,2856078.0
2020-06-02 11:05:09.000,2860500.0,2860500.0,0.0,2857950.01,6.94,5177.01,2852773.0
2020-06-02 11:05:24.000,2863400.0,2863400.0,0.0,2860877.01,5.0,3164.01,2857713.0
2020-06-02 11:05:27.000,2863900.0,2863900.0,0.0,2861363.01,5.0,1150.01,2860213.0
2020-06-02 11:05:42.000,2861100.0,2861100.0,0.0,2858555.96,7.05,3151.96,2855404.0
2020-06-02 11:05:45.000,2860800.0,2860800.0,0.0,2858244.6,7.36,5450.6,2852794.0
2020-06-02 11:05:48.000,2860800.0,2860800.0,0.0,2858236.6,5.0,3553.6,2854683.0
2020-06-02 11:05:54.000,2862800.0,2862800.0,0.0,2860233.6,5.0,1656.6,2858577.0
2020-06-02 11:06:18.000,2861900.0,2861900.0,0.0,2859324.6,5.0,320.6,2859004.0
2020-06-02 11:06:51.000,2862000.0,2862000.0,0.0,2859426.55,7.05,2325.55,2857101.0
2020-06-02 11:07:09.000,2864000.0,2864000.0,0.0,2861411.55,5.0,424.55,2860987.0
2020-06-02 11:07:24.000,2863800.0,2863800.0,0.0,2861210.94,7.61,2977.94,2858233.0
2020-06-02 11:07:39.000,2864400.0,2864400.0,0.0,2861803.94,10.0,-380.06,2862184.0
2020-06-02 11:07:54.000,2864500.0,2864500.0,0.0,2861889.49,10.45,4947.49,2856942.0
2020-06-02 11:07:57.000,2864500.0,2864500.0,0.0,2861884.49,5.0,4072.49,2857812.0
2020-06-02 11:08:00.000,2864600.0,2864600.0,0.0,2861974.44,12.05,4178.44,2857796.0
2020-06-02 11:08:06.000,2864500.0,2864500.0,0.0,2861868.44,5.0,2838.44,2859030.0
2020-06-02 11:08:21.000,2862400.0,2862400.0,0.0,2859782.44,5.0,272.44,2859510.0
2020-06-02 11:08:39.000,2862900.0,2862900.0,0.0,2860280.07,6.37,1604.07,2858676.0
2020-06-02 11:08:57.000,2862300.0,2862300.0,0.0,2859669.02,7.05,3607.02,2856062.0
2020-06-02 11:09:00.000,2863000.0,2863000.0,0.0,2860359.66,6.36,4935.66,2855424.0
2020-06-02 11:09:09.000,2862700.0,2862700.0,0.0,2860050.66,10.0,1491.66,2858559.0
2020-06-02 11:10:03.000,2861200.0,2861200.0,0.0,2858558.66,5.0,152.66,2858406.0
2020-06-02 11:10:12.000,2860300.0,2860300.0,0.0,2857657.3,6.36,1480.3,2856177.0
2020-06-02 11:10:15.000,2860100.0,2860100.0,0.0,2857451.37,6.93,3362.37,2854089.0
2020-06-02 11:10:33.000,2858700.0,2858700.0,0.0,2856053.45,11.92,2917.45,2853136.0
2020-06-02 11:10:36.000,2859200.0,2859200.0,0.0,2856538.53,11.92,2475.53,2854063.0
2020-06-02 11:10:39.000,2859000.0,2859000.0,0.0,2856330.61,11.92,2335.61,2853995.0
2020-06-02 11:10:48.000,2859000.0,2859000.0,0.0,2856301.61,5.0,322.61,2855979.0
2020-06-02 11:10:51.000,2859600.0,2859600.0,0.0,2856883.25,7.36,2627.25,2854256.0
2020-06-02 11:10:57.000,2859200.0,2859200.0,0.0,2856484.32,6.93,4506.32,2851978.0
2020-06-02 11:11:03.000,2857400.0,2857400.0,0.0,2854704.32,5.0,3629.32,2851075.0
2020-06-02 11:11:09.000,2858200.0,2858200.0,0.0,2855489.32,5.0,1736.32,2853753.0
2020-06-02 11:12:00.000,2857900.0,2857900.0,0.0,2855137.71,7.61,4292.71,2850845.0
2020-06-02 11:12:03.000,2856900.0,2856900.0,0.0,2854125.71,10.0,-1458.29,2855584.0
2020-06-02 11:12:06.000,2857400.0,2857400.0,0.0,2854630.35,7.36,841.35,2853789.0
2020-06-02 11:12:09.000,2857300.0,2857300.0,0.0,2854521.35,7.0,2794.35,2851727.0
2020-06-02 11:12:18.000,2857500.0,2857500.0,0.0,2854714.35,5.0,896.35,2853818.0
2020-06-02 11:13:00.000,2858200.0,2858200.0,0.0,2855400.74,7.61,3452.74,2851948.0
2020-06-02 11:13:03.000,2858200.0,2858200.0,0.0,2855397.74,5.0,1441.74,2853956.0
2020-06-02 11:13:57.000,2857500.0,2857500.0,0.0,2854688.74,5.0,292.74,2854396.0
2020-06-02 11:15:18.000,2851200.0,2851200.0,0.0,2848437.82,6.92,2164.82,2846273.0
2020-06-02 11:15:21.000,2851900.0,2851900.0,0.0,2849131.9,6.92,4036.9,2845095.0
2020-06-02 11:15:24.000,2852100.0,2852100.0,0.0,2849326.98,6.92,5907.98,2843419.0
2020-06-02 11:15:27.000,2852800.0,2852800.0,0.0,2850004.06,11.92,2493.06,2847511.0
2020-06-02 11:15:39.000,2851300.0,2851300.0,0.0,2848522.06,5.0,535.06,2847987.0
2020-06-02 11:15:48.000,2852100.0,2852100.0,0.0,2849294.06,7.0,2488.06,2846806.0
2020-06-02 11:15:54.000,2851000.0,2851000.0,0.0,2848203.06,5.0,530.06,2847673.0
2020-06-02 11:16:06.000,2850900.0,2850900.0,0.0,2848117.06,7.0,2483.06,2845634.0
2020-06-02 11:16:12.000,2850400.0,2850400.0,0.0,2847619.06,5.0,472.06,2847147.0
2020-06-02 11:16:57.000,2850000.0,2850000.0,0.0,2847209.68,10.38,5730.68,2841479.0
2020-06-02 11:17:00.000,2850000.0,2850000.0,0.0,2847201.68,5.0,3204.68,2843997.0
2020-06-02 11:17:03.000,2849900.0,2849900.0,0.0,2847093.68,5.0,678.68,2846415.0
2020-06-02 11:17:39.000,2848100.0,2848100.0,0.0,2845320.52,6.16,1815.52,2843505.0
2020-06-02 11:17:42.000,2848200.0,2848200.0,0.0,2845405.47,12.05,2481.47,2842924.0
2020-06-02 11:17:48.000,2848200.0,2848200.0,0.0,2845388.47,5.0,594.47,2844794.0
2020-06-02 11:18:09.000,2848400.0,2848400.0,0.0,2845605.88,7.59,3125.88,2842480.0
2020-06-02 11:18:15.000,2847800.0,2847800.0,0.0,2845004.88,10.0,-92.12,2845097.0
2020-06-02 11:20:00.000,2846900.0,2846900.0,0.0,2844070.84,7.04,1903.84,2842167.0
2020-06-02 11:20:06.000,2846700.0,2846700.0,0.0,2843865.48,7.36,4207.48,2839658.0
2020-06-02 11:20:12.000,2846200.0,2846200.0,0.0,2843362.48,5.0,1667.48,2841695.0
2020-06-02 11:20:21.000,2845500.0,2845500.0,0.0,2842657.44,7.04,3659.44,2838998.0
2020-06-02 11:20:27.000,2844800.0,2844800.0,0.0,2841944.37,14.07,5759.37,2836185.0
2020-06-02 11:20:30.000,2844800.0,2844800.0,0.0,2841934.37,10.0,-3236.63,2845171.0
2020-06-02 11:22:06.000,2844100.0,2844100.0,0.0,2841233.46,6.91,-1370.54,2842604.0
2020-06-02 11:22:18.000,2842200.0,2842200.0,0.0,2839331.55,6.91,490.55,2838841.0
2020-06-02 11:22:21.000,2842400.0,2842400.0,0.0,2839531.64,6.91,2351.64,2837180.0
2020-06-02 11:22:24.000,2842600.0,2842600.0,0.0,2839712.73,11.91,2207.73,2837505.0
2020-06-02 11:22:27.000,2842900.0,2842900.0,0.0,2840011.82,6.91,4067.82,2835944.0
2020-06-02 11:22:36.000,2842600.0,2842600.0,0.0,2839713.92,6.9,5925.92,2833788.0
2020-06-02 11:22:42.000,2841600.0,2841600.0,0.0,2838702.86,17.06,408.86,2838294.0
2020-06-02 11:22:51.000,2841600.0,2841600.0,0.0,2838732.26,7.6,2948.26,2835784.0
2020-06-02 11:22:54.000,2841700.0,2841700.0,0.0,2838820.26,5.0,1084.26,2837736.0
2020-06-02 11:22:57.000,2840200.0,2840200.0,0.0,2837294.23,11.03,6978.23,2830316.0
2020-06-02 11:23:03.000,2838900.0,2838900.0,0.0,2835968.23,5.0,5108.23,2830860.0
2020-06-02 11:23:06.000,2841300.0,2841300.0,0.0,2838342.89,21.34,16203.89,2822139.0
2020-06-02 11:23:12.000,2841400.0,2841400.0,0.0,2838433.58,15.31,20856.58,2817577.0
2020-06-02 11:23:15.000,2838800.0,2838800.0,0.0,2835852.51,23.07,27407.51,2808445.0
2020-06-02 11:23:18.000,2839700.0,2839700.0,0.0,2836704.48,16.03,31969.48,2804735.0
2020-06-02 11:23:21.000,2840200.0,2840200.0,0.0,2837209.48,5.0,30633.48,2806576.0
2020-06-02 11:23:36.000,2839400.0,2839400.0,0.0,2836421.48,10.0,18343.48,2818078.0
2020-06-02 11:23:39.000,2839200.0,2839200.0,0.0,2836204.45,7.03,20328.45,2815876.0
2020-06-02 11:23:42.000,2839200.0,2839200.0,0.0,2836209.45,5.0,15115.45,2821094.0
2020-06-02 11:23:45.000,2840200.0,2840200.0,0.0,2837202.45,5.0,11390.45,2825812.0
2020-06-02 11:23:51.000,2840300.0,2840300.0,0.0,2837287.45,5.0,6180.45,2831107.0
2020-06-02 11:23:54.000,2840600.0,2840600.0,0.0,2837591.45,5.0,3871.45,2833720.0
2020-06-02 11:23:57.000,2839400.0,2839400.0,0.0,2836388.45,5.0,1913.45,2834475.0
2020-06-02 11:24:00.000,2839700.0,2839700.0,0.0,2836670.45,7.0,3866.45,2832804.0
2020-06-02 11:24:06.000,2839800.0,2839800.0,0.0,2836756.45,5.0,1866.45,2834890.0
2020-06-02 11:25:30.000,2842500.0,2842500.0,0.0,2839428.45,5.0,718.45,2838710.0
2020-06-02 11:26:12.000,2843600.0,2843600.0,0.0,2840511.19,13.26,3901.19,2836610.0
2020-06-02 11:26:15.000,2842700.0,2842700.0,0.0,2839590.93,18.26,5125.93,2834465.0
2020-06-02 11:26:18.000,2843300.0,2843300.0,0.0,2840186.03,13.9,8936.03,2831250.0
2020-06-02 11:26:21.000,2842600.0,2842600.0,0.0,2839470.67,11.36,4338.67,2835132.0
2020-06-02 11:26:36.000,2844600.0,2844600.0,0.0,2841470.95,18.72,7096.95,2834374.0
2020-06-02 11:26:42.000,2844300.0,2844300.0,0.0,2841174.95,5.0,6224.95,2834950.0
2020-06-02 11:26:45.000,2842700.0,2842700.0,0.0,2839517.95,5.0,5352.95,2834165.0
2020-06-02 11:26:48.000,2844000.0,2844000.0,0.0,2840833.28,21.67,11010.28,2829823.0
2020-06-02 11:26:51.000,2844000.0,2844000.0,0.0,2840828.28,5.0,10138.28,2830690.0
2020-06-02 11:26:54.000,2843700.0,2843700.0,0.0,2840523.28,5.0,9266.28,2831257.0
2020-06-02 11:26:57.000,2844000.0,2844000.0,0.0,2840806.97,15.31,13597.97,2827209.0
2020-06-02 11:27:00.000,2843700.0,2843700.0,0.0,2840482.97,10.0,9021.97,2831461.0
2020-06-02 11:27:06.000,2843400.0,2843400.0,0.0,2840170.97,5.0,3095.97,2837075.0
2020-06-02 11:27:09.000,2843700.0,2843700.0,0.0,2840457.34,15.63,13496.34,2826961.0
2020-06-02 11:27:12.000,2843400.0,2843400.0,0.0,2840148.34,5.0,11622.34,2828526.0
2020-06-02 11:27:15.000,2843300.0,2843300.0,0.0,2840033.34,10.0,3823.34,2836210.0
2020-06-02 11:27:18.000,2843200.0,2843200.0,0.0,2839937.34,5.0,1949.34,2837988.0
2020-06-02 11:27:30.000,2843400.0,2843400.0,0.0,2840132.34,5.0,73.34,2840059.0
2020-06-02 11:27:45.000,2844900.0,2844900.0,0.0,2841623.18,6.16,1210.18,2840413.0
2020-06-02 13:00:00.000,2849400.0,2849400.0,0.0,2846076.59,7.59,3746.59,2842330.0
2020-06-02 13:00:09.000,2852600.0,2852600.0,0.0,2849233.59,5.0,1721.59,2847512.0
2020-06-02 13:01:15.000,2852200.0,2852200.0,0.0,2848876.55,7.04,3718.55,2845158.0
2020-06-02 13:01:18.000,2852200.0,2852200.0,0.0,2848869.51,7.04,5715.51,2843154.0
2020-06-02 13:01:21.000,2852300.0,2852300.0,0.0,2848961.47,7.04,7712.47,2841249.0
2020-06-02 13:01:36.000,2853100.0,2853100.0,0.0,2849742.47,5.0,5397.47,2844345.0
2020-06-02 13:01:39.000,2853600.0,2853600.0,0.0,2850228.47,10.0,1056.47,2849172.0
2020-06-02 13:04:06.000,2854400.0,2854400.0,0.0,2850990.43,11.04,6966.43,2844024.0
2020-06-02 13:04:12.000,2854600.0,2854600.0,0.0,2851196.43,5.0,1688.43,2849508.0
2020-06-02 13:04:33.000,2853200.0,2853200.0,0.0,2849790.37,7.06,3700.37,2846090.0
2020-06-02 13:04:42.000,2853000.0,2853000.0,0.0,2849590.37,10.0,867.37,2848723.0
2020-06-02 13:04:45.000,2853300.0,2853300.0,0.0,2849890.37,7.0,2820.37,2847070.0
2020-06-02 13:05:03.000,2852500.0,2852500.0,0.0,2849079.37,5.0,812.37,2848267.0
2020-06-02 13:05:24.000,2852600.0,2852600.0,0.0,2849178.02,7.35,3109.02,2846069.0
2020-06-02 13:05:33.000,2853700.0,2853700.0,0.0,2850264.02,5.0,1960.02,2848304.0
2020-06-02 13:05:39.000,2854600.0,2854600.0,0.0,2851153.02,5.0,811.02,2850342.0
2020-06-02 13:08:06.000,2853300.0,2853300.0,0.0,2849849.96,7.06,2826.96,2847023.0
2020-06-02 13:08:09.000,2853600.0,2853600.0,0.0,2850138.96,5.0,813.96,2849325.0
2020-06-02 13:08:57.000,2854500.0,2854500.0,0.0,2851021.07,5.89,1676.07,2849345.0
2020-06-02 13:10:09.000,2856200.0,2856200.0,0.0,2852710.07,5.0,341.07,2852369.0
2020-06-02 13:10:24.000,2859000.0,2859000.0,0.0,2855497.18,5.89,1202.18,2854295.0
2020-06-02 13:11:45.000,2862600.0,2862600.0,0.0,2859088.82,7.36,3505.82,2855583.0
2020-06-02 13:11:48.000,2861300.0,2861300.0,0.0,2857771.82,10.0,-540.18,2858312.0
2020-06-02 13:12:33.000,2864000.0,2864000.0,0.0,2860482.76,7.06,1477.76,2859005.0
2020-06-02 13:13:06.000,2863300.0,2863300.0,0.0,2859770.08,7.68,4099.08,2855671.0
2020-06-02 13:13:15.000,2862900.0,2862900.0,0.0,2859362.08,5.0,2081.08,2857281.0
2020-06-02 13:13:21.000,2863900.0,2863900.0,0.0,2860355.08,5.0,1556.08,2858799.0
2020-06-02 13:14:27.000,2863000.0,2863000.0,0.0,2859444.08,5.0,403.08,2859041.0
2020-06-02 13:15:27.000,2867200.0,2867200.0,0.0,2863627.71,6.37,1734.71,2861893.0
2020-06-02 13:15:33.000,2867500.0,2867500.0,0.0,2863922.71,5.0,579.71,2863343.0
2020-06-02 13:16:18.000,2866300.0,2866300.0,0.0,2862730.54,6.17,1724.54,2861006.0
2020-06-02 13:16:21.000,2866000.0,2866000.0,0.0,2862427.19,7.35,4019.19,2858408.0
2020-06-02 13:16:36.000,2867000.0,2867000.0,0.0,2863416.19,5.0,2003.19,2861413.0
2020-06-02 13:16:39.000,2865900.0,2865900.0,0.0,2862312.19,5.0,45.19,2862267.0
2020-06-02 13:16:42.000,2866400.0,2866400.0,0.0,2862816.19,7.0,1998.19,2860818.0
2020-06-02 13:18:03.000,2866700.0,2866700.0,0.0,2863109.3,5.89,2865.3,2860244.0
2020-06-02 13:18:06.000,2866700.0,2866700.0,0.0,2863099.41,5.89,3731.41,2859368.0
2020-06-02 13:18:09.000,2866900.0,2866900.0,0.0,2863286.52,10.89,2278.52,2861008.0
2020-06-02 13:18:12.000,2866700.0,2866700.0,0.0,2863069.52,10.0,-1699.48,2864769.0
2020-06-02 13:18:21.000,2868500.0,2868500.0,0.0,2864872.52,7.0,253.52,2864619.0
2020-06-02 13:18:42.000,2868900.0,2868900.0,0.0,2865246.82,7.7,2894.82,2862352.0
2020-06-02 13:18:51.000,2869000.0,2869000.0,0.0,2865342.82,10.0,-1086.18,2866429.0
2020-06-02 13:18:57.000,2869400.0,2869400.0,0.0,2865738.82,7.0,866.82,2864872.0
2020-06-02 13:19:33.000,2872200.0,2872200.0,0.0,2868497.46,7.36,3173.46,2865324.0
2020-06-02 13:19:36.000,2872300.0,2872300.0,0.0,2868596.4,12.06,4030.4,2864566.0
2020-06-02 13:20:06.000,2873400.0,2873400.0,0.0,2869642.4,5.0,2072.4,2867570.0
2020-06-02 13:20:24.000,2875600.0,2875600.0,0.0,2871820.4,7.0,4025.4,2867795.0
2020-06-02 13:20:27.000,2875800.0,2875800.0,0.0,2872004.66,7.74,6711.66,2865293.0
2020-06-02 13:20:30.000,2874800.0,2874800.0,0.0,2871001.66,15.0,-6481.34,2877483.0
2020-06-02 13:20:42.000,2874100.0,2874100.0,0.0,2870296.92,7.74,-3797.08,2874094.0
2020-06-02 13:20:48.000,2873100.0,2873100.0,0.0,2869302.81,18.11,4133.81,2865169.0
2020-06-02 13:20:51.000,2872500.0,2872500.0,0.0,2868674.7,35.11,10836.7,2857838.0
2020-06-02 13:20:54.000,2871500.0,2871500.0,0.0,2867669.6,18.1,18756.6,2848913.0
2020-06-02 13:20:57.000,2870300.0,2870300.0,0.0,2866481.87,7.73,21432.87,2845049.0
2020-06-02 13:21:00.000,2869100.0,2869100.0,0.0,2865312.87,5.0,16189.87,2849123.0
2020-06-02 13:21:03.000,2868400.0,2868400.0,0.0,2864573.98,10.89,15097.98,2849476.0
2020-06-02 13:21:09.000,2868300.0,2868300.0,0.0,2864488.98,7.0,17050.98,2847438.0
2020-06-02 13:21:12.000,2868100.0,2868100.0,0.0,2864334.98,5.0,11103.98,2853231.0
2020-06-02 13:21:21.000,2865600.0,2865600.0,0.0,2861916.93,17.05,5918.93,2855998.0
2020-06-02 13:21:24.000,2866700.0,2866700.0,0.0,2863008.93,7.0,7871.93,2855137.0
2020-06-02 13:21:36.000,2867800.0,2867800.0,0.0,2864041.21,7.72,10538.21,2853503.0
2020-06-02 13:21:39.000,2868100.0,2868100.0,0.0,2864317.48,12.73,11859.48,2852458.0
2020-06-02 13:21:42.000,2867000.0,2867000.0,0.0,2863314.48,5.0,10513.48,2852801.0
2020-06-02 13:21:45.000,2866300.0,2866300.0,0.0,2862629.48,5.0,9167.48,2853462.0
2020-06-02 13:22:00.000,2865900.0,2865900.0,0.0,2862245.48,5.0,7209.48,2855036.0
2020-06-02 13:22:03.000,2865900.0,2865900.0,0.0,2862284.48,5.0,5863.48,2856421.0
2020-06-02 13:22:06.000,2866400.0,2866400.0,0.0,2862799.48,5.0,4517.48,2858282.0
2020-06-02 13:22:09.000,2866300.0,2866300.0,0.0,2862688.48,5.0,3171.48,2859517.0
2020-06-02 13:22:15.000,2867200.0,2867200.0,0.0,2863587.48,7.0,5124.48,2858463.0
2020-06-02 13:22:21.000,2868200.0,2868200.0,0.0,2864594.48,5.0,3166.48,2861428.0
2020-06-02 13:22:24.000,2868800.0,2868800.0,0.0,2865147.48,12.0,2805.48,2862342.0
2020-06-02 13:22:30.000,2870000.0,2870000.0,0.0,2866313.48,5.0,138.48,2866175.0
2020-06-02 13:22:42.000,2870100.0,2870100.0,0.0,2866476.1,6.38,1480.1,2864996.0
2020-06-02 13:22:45.000,2869800.0,2869800.0,0.0,2866154.1,5.0,932.1,2865222.0
2020-06-02 13:22:48.000,2870600.0,2870600.0,0.0,2866947.1,5.0,384.1,2866563.0
2020-06-02 13:22:57.000,2868600.0,2868600.0,0.0,2864960.74,7.36,2685.74,2862275.0
2020-06-02 13:23:21.000,2869200.0,2869200.0,0.0,2865614.74,5.0,29.74,2865585.0
2020-06-02 13:23:36.000,2869500.0,2869500.0,0.0,2865912.68,7.06,2043.68,2863869.0
2020-06-02 13:23:42.000,2870400.0,2870400.0,0.0,2866836.62,7.06,4057.62,2862779.0
2020-06-02 13:23:51.000,2868600.0,2868600.0,0.0,2865027.62,10.0,198.62,2864829.0
2020-06-02 13:23:57.000,2869700.0,2869700.0,0.0,2866134.68,6.94,2089.68,2864045.0
2020-06-02 13:24:00.000,2869300.0,2869300.0,0.0,2865735.68,7.0,4042.68,2861693.0
2020-06-02 13:24:15.000,2868900.0,2868900.0,0.0,2865452.68,5.0,2688.68,2862764.0
2020-06-02 13:24:27.000,2868200.0,2868200.0,0.0,2864753.3,6.38,4030.3,2860723.0
2020-06-02 13:24:30.000,2867500.0,2867500.0,0.0,2864052.92,11.38,3412.92,2860640.0
2020-06-02 13:24:33.000,2867900.0,2867900.0,0.0,2864446.54,13.38,6706.54,2857740.0
2020-06-02 13:24:39.000,2867700.0,2867700.0,0.0,2864209.1,18.44,10057.1,2854152.0
2020-06-02 13:24:42.000,2867100.0,2867100.0,0.0,2863597.04,12.06,12068.04,2851529.0
2020-06-02 13:24:45.000,2866400.0,2866400.0,0.0,2862884.49,12.55,14552.49,2848332.0
2020-06-02 13:24:48.000,2866000.0,2866000.0,0.0,2862457.11,11.38,13255.11,2849202.0
2020-06-02 13:24:54.000,2864500.0,2864500.0,0.0,2860980.11,5.0,10622.11,2850358.0
2020-06-02 13:25:06.000,2863200.0,2863200.0,0.0,2859705.11,5.0,7994.11,2851711.0
2020-06-02 13:25:09.000,2863600.0,2863600.0,0.0,2860100.11,5.0,5366.11,2854734.0
2020-06-02 13:25:18.000,2863100.0,2863100.0,0.0,2859623.11,5.0,2745.11,2856878.0
2020-06-02 13:25:39.000,2862600.0,2862600.0,0.0,2859134.11,10.0,-1472.89,2860607.0
2020-06-02 13:25:42.000,2862900.0,2862900.0,0.0,2859427.04,7.07,550.04,2858877.0
2020-06-02 13:26:00.000,2863400.0,2863400.0,0.0,2859924.97,11.07,6492.97,2853432.0
2020-06-02 13:26:06.000,2862600.0,2862600.0,0.0,2859108.97,10.0,1850.97,2857258.0
2020-06-02 13:26:18.000,2863200.0,2863200.0,0.0,2859696.03,6.94,3743.03,2855953.0
2020-06-02 13:26:21.000,2863400.0,2863400.0,0.0,2859884.03,5.0,1122.03,2858762.0
2020-06-02 13:27:06.000,2866500.0,2866500.0,0.0,2862957.97,7.06,3135.97,2859822.0
2020-06-02 13:27:12.000,2865700.0,2865700.0,0.0,2862153.97,5.0,495.97,2861658.0
2020-06-02 13:29:36.000,2865100.0,2865100.0,0.0,2861539.61,7.36,2797.61,2858742.0
2020-06-02 13:29:48.000,2866700.0,2866700.0,0.0,2863124.61,10.0,-1260.39,2864385.0
2020-06-02 13:30:42.000,2864600.0,2864600.0,0.0,2861021.54,11.07,4678.54,2856343.0
2020-06-02 13:30:45.000,2864200.0,2864200.0,0.0,2860606.47,16.07,8595.47,2852011.0
2020-06-02 13:30:54.000,2864200.0,2864200.0,0.0,2860604.47,5.0,6577.47,2854027.0
2020-06-02 13:31:00.000,2862700.0,2862700.0,0.0,2859105.47,5.0,4268.47,2854837.0
2020-06-02 13:31:06.000,2862700.0,2862700.0,0.0,2859100.47,5.0,1959.47,2857141.0
2020-06-02 13:31:30.000,2862100.0,2862100.0,0.0,2858508.41,7.06,3970.41,2854538.0
2020-06-02 13:31:36.000,2861100.0,2861100.0,0.0,2857504.41,5.0,2012.41,2855492.0
2020-06-02 13:31:39.000,2860300.0,2860300.0,0.0,2856704.41,5.0,54.41,2856650.0
2020-06-02 13:31:45.000,2860800.0,2860800.0,0.0,2857209.41,7.0,2007.41,2855202.0
2020-06-02 13:31:48.000,2861500.0,2861500.0,0.0,2857893.41,12.0,3084.41,2854809.0
2020-06-02 13:31:51.000,2861000.0,2861000.0,0.0,2857384.41,5.0,1062.41,2856322.0
2020-06-02 13:32:24.000,2862600.0,2862600.0,0.0,2858937.09,10.32,6269.09,2852668.0
2020-06-02 13:32:27.000,2861700.0,2861700.0,0.0,2858036.09,5.0,309.09,2857727.0
2020-06-02 13:33:06.000,2864100.0,2864100.0,0.0,2860406.68,14.41,4616.68,2855790.0
2020-06-02 13:33:21.000,2864500.0,2864500.0,0.0,2860800.32,7.36,6918.32,2853882.0
2020-06-02 13:33:24.000,2864500.0,2864500.0,0.0,2860791.32,5.0,1695.32,2859096.0
2020-06-02 13:33:51.000,2864100.0,2864100.0,0.0,2860394.32,5.0,539.32,2859855.0
2020-06-02 13:34:36.000,2863300.0,2863300.0,0.0,2859588.27,7.05,2546.27,2857042.0
2020-06-02 13:34:39.000,2862900.0,2862900.0,0.0,2859180.22,7.05,4552.22,2854628.0
2020-06-02 13:35:36.000,2864900.0,2864900.0,0.0,2861152.22,5.0,2646.22,2858506.0
2020-06-02 13:35:39.000,2864900.0,2864900.0,0.0,2861147.22,5.0,1769.22,2859378.0
2020-06-02 13:35:51.000,2865100.0,2865100.0,0.0,2861343.27,6.95,3667.27,2857676.0
2020-06-02 13:36:15.000,2865300.0,2865300.0,0.0,2861524.27,5.0,1709.27,2859815.0
2020-06-02 13:36:18.000,2866100.0,2866100.0,0.0,2862322.27,7.0,3662.27,2858660.0
2020-06-02 13:36:27.000,2866000.0,2866000.0,0.0,2862217.27,5.0,1641.27,2860576.0
2020-06-02 13:37:18.000,2866200.0,2866200.0,0.0,2862422.27,5.0,294.27,2862128.0
2020-06-02 13:37:21.000,2866600.0,2866600.0,0.0,2862810.38,5.89,1159.38,2861651.0
2020-06-02 13:37:45.000,2866100.0,2866100.0,0.0,2862306.01,6.37,2495.01,2859811.0
2020-06-02 13:37:51.000,2865800.0,2865800.0,0.0,2862003.01,5.0,587.01,2861416.0
2020-06-02 13:37:57.000,2865300.0,2865300.0,0.0,2861501.84,6.17,1731.84,2859770.0
2020-06-02 13:39:33.000,2868200.0,2868200.0,0.0,2864379.17,7.67,4340.17,2860039.0
2020-06-02 13:40:09.000,2866600.0,2866600.0,0.0,2862793.17,5.0,2324.17,2860469.0
2020-06-02 13:40:24.000,2864800.0,2864800.0,0.0,2860998.17,5.0,977.17,2860021.0
2020-06-02 13:41:18.000,2862400.0,2862400.0,0.0,2858607.28,5.89,1841.28,2856766.0
2020-06-02 13:41:24.000,2862600.0,2862600.0,0.0,2858800.91,6.37,3175.91,2855625.0
2020-06-02 13:42:00.000,2861400.0,2861400.0,0.0,2857586.91,10.0,-688.09,2858275.0
2020-06-02 13:42:09.000,2861500.0,2861500.0,0.0,2857683.91,7.0,1264.91,2856419.0
2020-06-02 13:42:18.000,2860700.0,2860700.0,0.0,2856889.61,10.3,6456.61,2850433.0
2020-06-02 13:42:24.000,2859600.0,2859600.0,0.0,2855789.31,10.3,11645.31,2844144.0
2020-06-02 13:42:33.000,2858800.0,2858800.0,0.0,2854998.31,5.0,5687.31,2849311.0
2020-06-02 13:42:48.000,2858600.0,2858600.0,0.0,2854802.36,6.95,7586.36,2847216.0
2020-06-02 13:43:06.000,2858100.0,2858100.0,0.0,2854295.36,5.0,1624.36,2852671.0
2020-06-02 13:43:33.000,2857700.0,2857700.0,0.0,2853892.48,8.88,5417.48,2848475.0
2020-06-02 13:43:36.000,2857500.0,2857500.0,0.0,2853688.48,5.0,218.48,2853470.0
2020-06-02 13:45:24.000,2858600.0,2858600.0,0.0,2854785.93,5.55,754.93,2854031.0
2020-06-02 13:45:27.000,2858700.0,2858700.0,0.0,2854882.38,5.55,1291.38,2853591.0
2020-06-02 13:45:30.000,2858800.0,2858800.0,0.0,2854977.38,5.0,135.38,2854842.0
2020-06-02 13:45:51.000,2859500.0,2859500.0,0.0,2855669.33,7.05,2139.33,2853530.0
2020-06-02 13:45:54.000,2860300.0,2860300.0,0.0,2856460.28,7.05,4143.28,2852317.0
2020-06-02 13:46:03.000,2861200.0,2861200.0,0.0,2857344.28,5.0,1556.28,2855788.0
2020-06-02 13:46:12.000,2861500.0,2861500.0,0.0,2857638.28,5.0,400.28,2857238.0
2020-06-02 13:48:12.000,2864400.0,2864400.0,0.0,2860519.11,6.17,1545.11,2858974.0
2020-06-02 13:48:15.000,2864600.0,2864600.0,0.0,2860714.94,6.17,2689.94,2858025.0
2020-06-02 13:48:27.000,2864600.0,2864600.0,0.0,2860706.94,5.0,731.94,2859975.0
2020-06-02 13:48:36.000,2865400.0,2865400.0,0.0,2861506.94,7.0,2684.94,2858822.0
2020-06-02 13:48:39.000,2865200.0,2865200.0,0.0,2861300.94,5.0,777.94,2860523.0
2020-06-02 13:48:57.000,2865300.0,2865300.0,0.0,2861394.85,7.09,2816.85,2858578.0
2020-06-02 13:49:06.000,2865500.0,2865500.0,0.0,2861587.85,5.0,502.85,2861085.0
2020-06-02 13:50:09.000,2867800.0,2867800.0,0.0,2863872.49,7.36,2808.49,2861064.0
2020-06-02 13:50:45.000,2865600.0,2865600.0,0.0,2861675.49,5.0,492.49,2861183.0
2020-06-02 13:51:33.000,2867400.0,2867400.0,0.0,2863468.13,7.36,2798.13,2860670.0
2020-06-02 13:51:48.000,2866300.0,2866300.0,0.0,2862373.13,5.0,782.13,2861591.0
2020-06-02 13:52:12.000,2863900.0,2863900.0,0.0,2859982.96,6.17,1926.96,2858056.0
2020-06-02 13:52:30.000,2862600.0,2862600.0,0.0,2858676.91,7.05,3928.91,2854748.0
2020-06-02 13:52:33.000,2862000.0,2862000.0,0.0,2858072.91,5.0,1970.91,2856102.0
2020-06-02 13:52:39.000,2862400.0,2862400.0,0.0,2858471.91,7.0,3923.91,2854548.0
2020-06-02 13:52:42.000,2862300.0,2862300.0,0.0,2858365.91,5.0,1872.91,2856493.0
2020-06-02 13:52:48.000,2862800.0,2862800.0,0.0,2858860.91,5.0,717.91,2858143.0
2020-06-02 13:53:12.000,2864200.0,2864200.0,0.0,2860240.91,5.0,169.91,2860071.0
2020-06-02 13:57:18.000,2869300.0,2869300.0,0.0,2865290.36,5.55,707.36,2864583.0
2020-06-02 13:57:21.000,2868400.0,2868400.0,0.0,2864393.81,5.55,1244.81,2863149.0
2020-06-02 13:57:24.000,2868300.0,2868300.0,0.0,2864287.44,6.37,2581.44,2861706.0
2020-06-02 13:57:27.000,2867500.0,2867500.0,0.0,2863476.07,11.37,1960.07,2861516.0
2020-06-02 13:57:36.000,2867600.0,2867600.0,0.0,2863581.07,7.0,3913.07,2859668.0
2020-06-02 13:57:54.000,2866500.0,2866500.0,0.0,2862486.07,5.0,2567.07,2859919.0
2020-06-02 13:57:57.000,2864900.0,2864900.0,0.0,2860891.07,5.0,1221.07,2859670.0
2020-06-02 13:58:18.000,2865000.0,2865000.0,0.0,2860976.96,11.11,7194.96,2853782.0
2020-06-02 13:58:24.000,2865000.0,2865000.0,0.0,2860972.96,5.0,4881.96,2856091.0
2020-06-02 13:58:27.000,2864600.0,2864600.0,0.0,2860571.96,5.0,2568.96,2858003.0
2020-06-02 13:58:45.000,2865500.0,2865500.0,0.0,2861453.96,5.0,675.96,2860778.0
2020-06-02 13:58:51.000,2865200.0,2865200.0,0.0,2861144.6,7.36,2974.6,2858170.0
2020-06-02 13:58:54.000,2864600.0,2864600.0,0.0,2860521.87,23.73,2756.87,2857765.0
2020-06-02 13:58:57.000,2864800.0,2864800.0,0.0,2860709.87,10.0,-1094.13,2861804.0
2020-06-02 13:59:00.000,2865100.0,2865100.0,0.0,2861014.87,7.0,858.87,2860156.0
2020-06-02 13:59:03.000,2865100.0,2865100.0,0.0,2861006.87,7.0,2811.87,2858195.0
2020-06-02 13:59:09.000,2864300.0,2864300.0,0.0,2860204.25,12.62,3485.25,2856719.0
2020-06-02 13:59:15.000,2864700.0,2864700.0,0.0,2860590.25,5.0,2139.25,2858451.0
2020-06-02 13:59:24.000,2864000.0,2864000.0,0.0,2859885.25,5.0,181.25,2859704.0
2020-06-02 13:59:33.000,2865800.0,2865800.0,0.0,2861670.25,7.0,2134.25,2859536.0
2020-06-02 14:00:03.000,2866600.0,2866600.0,0.0,2862465.25,5.0,83.25,2862382.0
2020-06-02 14:00:15.000,2866800.0,2866800.0,0.0,2862670.88,6.37,1417.88,2861253.0
2020-06-02 14:01:24.000,2861400.0,2861400.0,0.0,2857319.88,5.0,72.88,2857247.0
2020-06-02 14:01:33.000,2861700.0,2861700.0,0.0,2857634.94,6.94,1961.94,2855673.0
2020-06-02 14:01:48.000,2860900.0,2860900.0,0.0,2856823.85,7.09,4001.85,2852822.0
2020-06-02 14:02:06.000,2862600.0,2862600.0,0.0,2858502.3,5.55,4539.3,2853963.0
2020-06-02 14:02:09.000,2862100.0,2862100.0,0.0,2857996.75,5.55,5076.75,2852920.0
2020-06-02 14:02:12.000,2862100.0,2862100.0,0.0,2857989.84,12.91,7915.84,2850074.0
2020-06-02 14:02:18.000,2860200.0,2860200.0,0.0,2856083.84,5.0,5957.84,2850126.0
2020-06-02 14:02:24.000,2860900.0,2860900.0,0.0,2856774.84,10.0,1432.84,2855342.0
2020-06-02 14:02:27.000,2861500.0,2861500.0,0.0,2857377.84,7.0,3385.84,2853992.0
2020-06-02 14:02:30.000,2862100.0,2862100.0,0.0,2857977.9,13.94,7228.9,2850749.0
2020-06-02 14:02:33.000,2862600.0,2862600.0,0.0,2858466.02,13.88,5037.02,2853429.0
2020-06-02 14:02:36.000,2862600.0,2862600.0,0.0,2858455.02,10.0,1381.02,2857074.0
2020-06-02 14:03:24.000,2864500.0,2864500.0,0.0,2860340.02,5.0,224.02,2860116.0
2020-06-02 14:03:30.000,2864100.0,2864100.0,0.0,2859939.85,6.17,1369.85,2858570.0
2020-06-02 14:04:57.000,2863500.0,2863500.0,0.0,2859339.48,6.37,2702.48,2856637.0
2020-06-02 14:05:33.000,2865700.0,2865700.0,0.0,2861530.48,5.0,648.48,2860882.0
2020-06-02 14:06:33.000,2865200.0,2865200.0,0.0,2861033.39,7.09,2693.39,2858340.0
2020-06-02 14:06:42.000,2864900.0,2864900.0,0.0,2860724.77,7.62,5253.77,2855471.0
2020-06-02 14:06:54.000,2864300.0,2864300.0,0.0,2860123.77,5.0,3351.77,2856772.0
2020-06-02 14:06:57.000,2864300.0,2864300.0,0.0,2860113.77,10.0,-605.23,2860719.0
2020-06-02 14:08:06.000,2860900.0,2860900.0,0.0,2856735.67,11.1,5363.67,2851372.0
2020-06-02 14:08:09.000,2860600.0,2860600.0,0.0,2856422.67,10.0,-1819.33,2858242.0
2020-06-02 14:08:12.000,2861700.0,2861700.0,0.0,2857520.67,7.0,133.67,2857387.0
2020-06-02 14:08:33.000,2861500.0,2861500.0,0.0,2857321.73,6.94,2027.73,2855294.0
2020-06-02 14:08:36.000,2861500.0,2861500.0,0.0,2857315.79,6.94,3921.79,2853394.0
2020-06-02 14:08:39.000,2861000.0,2861000.0,0.0,2856809.79,5.0,1364.79,2855445.0
2020-06-02 14:08:48.000,2860300.0,2860300.0,0.0,2856100.85,6.94,3256.85,2852844.0
2020-06-02 14:08:51.000,2860500.0,2860500.0,0.0,2856298.85,5.0,1199.85,2855099.0
2020-06-02 14:10:21.000,2859500.0,2859500.0,0.0,2855290.48,6.37,2531.48,2852759.0
2020-06-02 14:10:27.000,2858500.0,2858500.0,0.0,2854289.48,5.0,573.48,2853716.0
2020-06-02 14:10:39.000,2858700.0,2858700.0,0.0,2854494.44,7.04,2568.44,2851926.0
2020-06-02 14:10:42.000,2858000.0,2858000.0,0.0,2853776.44,10.0,-731.56,2854508.0
2020-06-02 14:10:48.000,2858700.0,2858700.0,0.0,2854484.44,7.0,1221.44,2853263.0
2020-06-02 14:10:51.000,2858500.0,2858500.0,0.0,2854278.44,7.0,3174.44,2851104.0
2020-06-02 14:11:03.000,2857200.0,2857200.0,0.0,2852977.44,5.0,862.44,2852115.0
2020-06-02 14:11:33.000,2857800.0,2857800.0,0.0,2853564.44,5.0,314.44,2853250.0
2020-06-02 14:13:27.000,2856400.0,2856400.0,0.0,2852173.35,7.09,2357.35,2849816.0
2020-06-02 14:13:39.000,2855400.0,2855400.0,0.0,2851158.35,10.0,-1609.65,2852768.0
2020-06-02 14:13:45.000,2856600.0,2856600.0,0.0,2852351.26,14.09,2385.26,2849966.0
2020-06-02 14:13:48.000,2856400.0,2856400.0,0.0,2852146.26,5.0,491.26,2851655.0
2020-06-02 14:15:18.000,2857100.0,2857100.0,0.0,2852829.67,7.59,3028.67,2849801.0
2020-06-02 14:15:30.000,2855900.0,2855900.0,0.0,2851636.67,5.0,1020.67,2850616.0
2020-06-02 14:15:36.000,2855700.0,2855700.0,0.0,2851428.3,6.37,2352.3,2849076.0
2020-06-02 14:15:45.000,2855600.0,2855600.0,0.0,2851322.93,6.37,3682.93,2847640.0
2020-06-02 14:16:03.000,2855000.0,2855000.0,0.0,2850717.34,12.59,3896.34,2846821.0
2020-06-02 14:16:06.000,2854800.0,2854800.0,0.0,2850516.34,5.0,1582.34,2848934.0
2020-06-02 14:16:36.000,2853300.0,2853300.0,0.0,2849025.42,6.92,3457.42,2845568.0
2020-06-02 14:16:39.000,2853300.0,2853300.0,0.0,2849015.42,10.0,-1387.58,2850403.0
2020-06-02 14:16:45.000,2852900.0,2852900.0,0.0,2848604.33,11.09,4570.33,2844034.0
2020-06-02 14:16:51.000,2852700.0,2852700.0,0.0,2848404.33,10.0,913.33,2847491.0
2020-06-02 14:17:15.000,2852700.0,2852700.0,0.0,2848388.33,5.0,366.33,2848022.0
2020-06-02 14:18:15.000,2853000.0,2853000.0,0.0,2848684.97,7.36,2667.97,2846017.0
2020-06-02 14:18:27.000,2853100.0,2853100.0,0.0,2848770.93,12.04,2605.93,2846165.0
2020-06-02 14:18:33.000,2852800.0,2852800.0,0.0,2848455.93,10.0,901.93,2847554.0
2020-06-02 14:18:36.000,2852500.0,2852500.0,0.0,2848148.57,7.36,3202.57,2844946.0
2020-06-02 14:18:39.000,2852400.0,2852400.0,0.0,2848036.57,5.0,1244.57,2846792.0
2020-06-02 14:18:42.000,2853100.0,2853100.0,0.0,2848737.57,7.0,3197.57,2845540.0
2020-06-02 14:18:45.000,2853000.0,2853000.0,0.0,2848634.57,5.0,1141.57,2847493.0
2020-06-02 14:19:30.000,2853300.0,2853300.0,0.0,2848906.21,7.36,3440.21,2845466.0
2020-06-02 14:19:33.000,2853300.0,2853300.0,0.0,2848887.12,16.09,7517.12,2841370.0
2020-06-02 14:19:36.000,2853600.0,2853600.0,0.0,2849179.12,5.0,4975.12,2844204.0
2020-06-02 14:19:39.000,2853700.0,2853700.0,0.0,2849267.08,12.04,4424.08,2844843.0
2020-06-02 14:19:42.000,2853600.0,2853600.0,0.0,2849155.04,12.04,3873.04,2845282.0
2020-06-02 14:19:45.000,2853200.0,2853200.0,0.0,2848758.04,5.0,1330.04,2847428.0
2020-06-02 14:20:12.000,2853500.0,2853500.0,0.0,2849071.74,10.3,6519.74,2842552.0
2020-06-02 14:20:15.000,2853500.0,2853500.0,0.0,2849056.74,5.0,543.74,2848513.0
2020-06-02 14:20:24.000,2851400.0,2851400.0,0.0,2846959.7,7.04,2532.7,2844427.0
2020-06-02 14:20:30.000,2850300.0,2850300.0,0.0,2845846.67,7.03,4519.67,2841327.0
2020-06-02 14:20:33.000,2850000.0,2850000.0,0.0,2845540.64,7.03,6505.64,2839035.0
2020-06-02 14:20:42.000,2849500.0,2849500.0,0.0,2845057.05,7.59,9035.05,2836022.0
2020-06-02 14:20:45.000,2849100.0,2849100.0,0.0,2844649.97,7.08,11071.97,2833578.0
2020-06-02 14:20:48.000,2849400.0,2849400.0,0.0,2844941.89,7.08,13108.89,2831833.0
2020-06-02 14:21:00.000,2849500.0,2849500.0,0.0,2845027.53,7.36,15409.53,2829618.0
2020-06-02 14:21:12.000,2848100.0,2848100.0,0.0,2843640.94,7.59,17939.94,2825701.0
2020-06-02 14:21:15.000,2848400.0,2848400.0,0.0,2843925.35,7.59,20470.35,2823455.0
2020-06-02 14:21:18.000,2848600.0,2848600.0,0.0,2844114.35,10.0,13349.35,2830765.0
2020-06-02 14:21:21.000,2848500.0,2848500.0,0.0,2844008.35,5.0,2982.35,2841026.0
2020-06-02 14:21:33.000,2848200.0,2848200.0,0.0,2843687.35,5.0,979.35,2842708.0
2020-06-02 14:23:18.000,2849000.0,2849000.0,0.0,2844516.05,10.3,6166.05,2838350.0
2020-06-02 14:23:27.000,2847800.0,2847800.0,0.0,2843291.98,16.07,10765.98,2832526.0
2020-06-02 14:23:30.000,2849000.0,2849000.0,0.0,2844475.21,20.77,21302.21,2823173.0
2020-06-02 14:23:33.000,2848200.0,2848200.0,0.0,2843667.91,10.3,26489.91,2817178.0
2020-06-02 14:23:36.000,2848000.0,2848000.0,0.0,2843466.91,5.0,24488.91,2818978.0
2020-06-02 14:23:39.000,2847900.0,2847900.0,0.0,2843354.84,11.07,30426.84,2812928.0
2020-06-02 14:23:42.000,2848000.0,2848000.0,0.0,2843450.84,5.0,28425.84,2815025.0
2020-06-02 14:23:45.000,2848000.0,2848000.0,0.0,2843438.49,12.35,28720.49,2814718.0
2020-06-02 14:23:48.000,2847400.0,2847400.0,0.0,2842828.49,10.0,24761.49,2818067.0
2020-06-02 14:23:51.000,2847400.0,2847400.0,0.0,2842826.49,12.0,24713.49,2818113.0
2020-06-02 14:24:00.000,2847200.0,2847200.0,0.0,2842622.49,5.0,14342.49,2828280.0
2020-06-02 14:24:03.000,2846800.0,2846800.0,0.0,2842215.49,5.0,8388.49,2833827.0
2020-06-02 14:24:18.000,2846200.0,2846200.0,0.0,2841610.14,7.35,10684.14,2830926.0
2020-06-02 14:24:21.000,2847300.0,2847300.0,0.0,2842717.14,5.0,8682.14,2834035.0
2020-06-02 14:24:24.000,2847400.0,2847400.0,0.0,2842812.14,5.0,6680.14,2836132.0
2020-06-02 14:24:33.000,2847100.0,2847100.0,0.0,2842501.85,10.29,11860.85,2830641.0
2020-06-02 14:24:42.000,2846100.0,2846100.0,0.0,2841493.85,5.0,5905.85,2835588.0
2020-06-02 14:25:03.000,2845900.0,2845900.0,0.0,2841288.85,5.0,3595.85,2837693.0
2020-06-02 14:25:12.000,2845800.0,2845800.0,0.0,2841173.28,12.57,3796.28,2837377.0
2020-06-02 14:25:15.000,2845900.0,2845900.0,0.0,2841270.24,7.04,5787.24,2835483.0
2020-06-02 14:25:21.000,2845000.0,2845000.0,0.0,2840365.2,7.04,7778.2,2832587.0
2020-06-02 14:25:30.000,2845500.0,2845500.0,0.0,2840849.16,12.04,7876.16,2832973.0
2020-06-02 14:25:33.000,2845200.0,2845200.0,0.0,2840540.16,10.0,176.16,2840364.0
2020-06-02 14:26:03.000,2845200.0,2845200.0,0.0,2840541.61,7.55,2670.61,2837871.0
2020-06-02 14:26:09.000,2845600.0,2845600.0,0.0,2840932.32,15.29,5344.32,2835588.0
2020-06-02 14:26:18.000,2844800.0,2844800.0,0.0,2840129.32,5.0,4797.32,2835332.0
2020-06-02 14:26:21.000,2845300.0,2845300.0,0.0,2840615.77,17.55,4697.77,2835918.0
2020-06-02 14:26:24.000,2844500.0,2844500.0,0.0,2839804.77,10.0,2106.77,2837698.0
2020-06-02 14:26:45.000,2844600.0,2844600.0,0.0,2839887.71,16.06,5994.71,2833893.0
2020-06-02 14:26:48.000,2843800.0,2843800.0,0.0,2839089.35,6.36,7319.35,2831770.0
2020-06-02 14:27:03.000,2844300.0,2844300.0,0.0,2839576.29,16.06,10942.29,2828634.0
2020-06-02 14:27:06.000,2844800.0,2844800.0,0.0,2840074.29,5.0,8634.29,2831440.0
2020-06-02 14:27:12.000,2844000.0,2844000.0,0.0,2839263.29,5.0,6326.29,2832937.0
2020-06-02 14:27:36.000,2844600.0,2844600.0,0.0,2839850.29,5.0,378.29,2839472.0
2020-06-02 14:28:39.000,2847800.0,2847800.0,0.0,2843019.99,10.3,5563.99,2837456.0
2020-06-02 14:29:24.000,2846100.0,2846100.0,0.0,2841312.91,11.08,11507.91,2829805.0
2020-06-02 14:29:27.000,2845700.0,2845700.0,0.0,2840926.98,6.93,13390.98,2827536.0
2020-06-02 14:29:30.000,2845800.0,2845800.0,0.0,2841017.63,7.35,15687.63,2825330.0
2020-06-02 14:29:33.000,2845700.0,2845700.0,0.0,2840914.28,7.35,17984.28,2822930.0
2020-06-02 14:29:45.000,2845800.0,2845800.0,0.0,2841004.28,10.0,11923.28,2829081.0
2020-06-02 14:30:03.000,2845600.0,2845600.0,0.0,2840789.28,5.0,5965.28,2834824.0
2020-06-02 14:30:21.000,2845100.0,2845100.0,0.0,2840289.28,5.0,3453.28,2836836.0
2020-06-02 14:30:24.000,2844700.0,2844700.0,0.0,2839896.28,5.0,941.28,2838955.0
2020-06-02 14:30:30.000,2844600.0,2844600.0,0.0,2839794.92,6.36,2265.92,2837529.0
2020-06-02 14:30:42.000,2843300.0,2843300.0,0.0,2838492.92,5.0,929.92,2837563.0
2020-06-02 14:30:48.000,2843100.0,2843100.0,0.0,2838284.36,7.56,3429.36,2834855.0
2020-06-02 14:31:45.000,2843800.0,2843800.0,0.0,2838971.32,7.04,5425.32,2833546.0
2020-06-02 14:31:48.000,2843800.0,2843800.0,0.0,2838953.97,12.35,5711.97,2833242.0
2020-06-02 14:32:00.000,2843900.0,2843900.0,0.0,2839048.97,10.0,1861.97,2837187.0
2020-06-02 14:32:15.000,2843700.0,2843700.0,0.0,2838839.73,13.24,5016.73,2833823.0
2020-06-02 14:32:18.000,2844200.0,2844200.0,0.0,2839342.38,7.35,7309.38,2832033.0
2020-06-02 14:32:21.000,2844300.0,2844300.0,0.0,2839436.03,7.35,9602.03,2829834.0
2020-06-02 14:32:24.000,2843300.0,2843300.0,0.0,2838412.68,17.35,7417.68,2830995.0
2020-06-02 14:32:27.000,2843700.0,2843700.0,0.0,2838794.33,12.35,7752.33,2831042.0
2020-06-02 14:32:33.000,2844200.0,2844200.0,0.0,2839308.98,7.35,10044.98,2829264.0
2020-06-02 14:32:36.000,2844800.0,2844800.0,0.0,2839903.63,7.35,12337.63,2827566.0
2020-06-02 14:32:39.000,2844700.0,2844700.0,0.0,2839783.01,17.62,19791.01,2819992.0
2020-06-02 14:32:42.000,2844900.0,2844900.0,0.0,2839977.74,10.27,24951.74,2815026.0
2020-06-02 14:32:45.000,2844900.0,2844900.0,0.0,2839967.39,7.35,27244.39,2812723.0
2020-06-02 14:32:48.000,2845600.0,2845600.0,0.0,2840659.04,7.35,29537.04,2811122.0
2020-06-02 14:32:51.000,2846200.0,2846200.0,0.0,2841225.69,12.35,25869.69,2815356.0
2020-06-02 14:32:54.000,2845700.0,2845700.0,0.0,2840727.79,12.9,28698.79,2812029.0
2020-06-02 14:32:57.000,2846300.0,2846300.0,0.0,2841324.89,12.9,31527.89,2809797.0
2020-06-02 14:33:00.000,2846500.0,2846500.0,0.0,2841508.99,12.9,34356.99,2807152.0
2020-06-02 14:33:06.000,2846800.0,2846800.0,0.0,2841798.64,12.35,31474.64,2810324.0
2020-06-02 14:33:09.000,2847200.0,2847200.0,0.0,2842189.29,7.35,33767.29,2808422.0
2020-06-02 14:33:21.000,2848300.0,2848300.0,0.0,2843290.29,5.0,27806.29,2815484.0
2020-06-02 14:33:27.000,2849300.0,2849300.0,0.0,2844278.01,15.28,27007.01,2817271.0
2020-06-02 14:33:30.000,2848000.0,2848000.0,0.0,2842939.73,25.28,25862.73,2817077.0
2020-06-02 14:33:33.000,2847900.0,2847900.0,0.0,2842850.73,5.0,23904.73,2818946.0
2020-06-02 14:33:36.000,2849000.0,2849000.0,0.0,2843965.45,10.28,29072.45,2814893.0
2020-06-02 14:33:39.000,2849200.0,2849200.0,0.0,2844155.45,10.0,25425.45,2818730.0
2020-06-02 14:33:42.000,2849600.0,2849600.0,0.0,2844552.45,5.0,23121.45,2821431.0
2020-06-02 14:33:45.000,2849800.0,2849800.0,0.0,2844756.45,5.0,21073.45,2823683.0
2020-06-02 14:33:48.000,2849800.0,2849800.0,0.0,2844748.45,5.0,15888.45,2828860.0
2020-06-02 14:33:51.000,2849900.0,2849900.0,0.0,2844843.45,5.0,10703.45,2834140.0
2020-06-02 14:33:54.000,2850800.0,2850800.0,0.0,2845725.45,15.0,1204.45,2844521.0
2020-06-02 14:34:06.000,2851700.0,2851700.0,0.0,2846611.85,7.6,3742.85,2842869.0
2020-06-02 14:34:15.000,2851700.0,2851700.0,0.0,2846583.85,5.0,1438.85,2845145.0
2020-06-02 14:34:51.000,2851200.0,2851200.0,0.0,2846125.26,7.59,3975.26,2842150.0
2020-06-02 14:34:57.000,2851300.0,2851300.0,0.0,2846170.26,5.0,2017.26,2844153.0
2020-06-02 14:35:00.000,2852400.0,2852400.0,0.0,2847256.26,5.0,59.26,2847197.0
2020-06-02 14:35:21.000,2852000.0,2852000.0,0.0,2846876.17,7.09,2099.17,2844777.0
2020-06-02 14:35:42.000,2851700.0,2851700.0,0.0,2846573.08,7.09,4139.08,2842434.0
2020-06-02 14:35:45.000,2852500.0,2852500.0,0.0,2847366.99,7.09,6178.99,2841188.0
2020-06-02 14:35:54.000,2852600.0,2852600.0,0.0,2847451.95,7.04,8176.95,2839275.0
2020-06-02 14:36:24.000,2852200.0,2852200.0,0.0,2847008.95,5.0,6218.95,2840790.0
2020-06-02 14:36:27.000,2852500.0,2852500.0,0.0,2847303.95,5.0,4260.95,2843043.0
2020-06-02 14:36:30.000,2852000.0,2852000.0,0.0,2846842.95,5.0,2302.95,2844540.0
2020-06-02 14:36:36.000,2852700.0,2852700.0,0.0,2847597.95,5.0,292.95,2847305.0
2020-06-02 14:36:57.000,2852700.0,2852700.0,0.0,2847578.33,7.62,2853.33,2844725.0
2020-06-02 14:37:00.000,2852800.0,2852800.0,0.0,2847660.71,7.62,5413.71,2842247.0
2020-06-02 14:37:03.000,2853000.0,2853000.0,0.0,2847843.71,5.0,234.71,2847609.0
2020-06-02 14:37:24.000,2851500.0,2851500.0,0.0,2846382.34,6.37,1565.34,2844817.0
2020-06-02 14:37:39.000,2851200.0,2851200.0,0.0,2846067.07,10.27,6725.07,2839342.0
2020-06-02 14:37:42.000,2852100.0,2852100.0,0.0,2846943.8,10.27,11884.8,2835059.0
2020-06-02 14:37:45.000,2852300.0,2852300.0,0.0,2847133.53,10.27,17044.53,2830089.0
2020-06-02 14:37:48.000,2852200.0,2852200.0,0.0,2847020.65,17.88,24756.65,2822264.0
2020-06-02 14:37:51.000,2851200.0,2851200.0,0.0,2846034.38,15.27,27907.38,2818127.0
2020-06-02 14:37:54.000,2851100.0,2851100.0,0.0,2845920.11,10.27,33067.11,2812853.0
2020-06-02 14:37:57.000,2850700.0,2850700.0,0.0,2845509.84,10.27,38226.84,2807283.0
2020-06-02 14:38:00.000,2847500.0,2847500.0,0.0,2842398.57,10.27,43386.57,2799012.0
2020-06-02 14:38:15.000,2848300.0,2848300.0,0.0,2843148.57,5.0,33037.57,2810111.0
2020-06-02 14:38:18.000,2848400.0,2848400.0,0.0,2843240.57,5.0,22690.57,2820550.0
2020-06-02 14:38:21.000,2848200.0,2848200.0,0.0,2842957.57,10.0,10385.57,2832572.0
2020-06-02 14:38:24.000,2848100.0,2848100.0,0.0,2842847.53,12.04,10421.53,2832426.0
2020-06-02 14:38:30.000,2850400.0,2850400.0,0.0,2845180.53,5.0,8369.53,2836811.0
2020-06-02 14:38:33.000,2849400.0,2849400.0,0.0,2844201.45,16.08,12263.45,2831938.0
2020-06-02 14:38:36.000,2849100.0,2849100.0,0.0,2843889.37,16.08,7858.37,2836031.0
2020-06-02 14:38:39.000,2849500.0,2849500.0,0.0,2844264.29,16.08,8625.29,2835639.0
2020-06-02 14:38:42.000,2849900.0,2849900.0,0.0,2844655.29,10.0,1394.29,2843261.0
2020-06-02 14:38:45.000,2850900.0,2850900.0,0.0,2845620.21,11.08,7340.21,2838280.0
2020-06-02 14:38:48.000,2850900.0,2850900.0,0.0,2845609.13,11.08,13286.13,2832323.0
2020-06-02 14:38:51.000,2851200.0,2851200.0,0.0,2845904.13,10.0,5272.13,2840632.0
2020-06-02 14:38:54.000,2850700.0,2850700.0,0.0,2845401.13,5.0,3220.13,2842181.0
2020-06-02 14:38:57.000,2850900.0,2850900.0,0.0,2845587.13,5.0,913.13,2844674.0
2020-06-02 14:39:09.000,2849800.0,2849800.0,0.0,2844546.04,7.09,2953.04,2841593.0
2020-06-02 14:39:18.000,2849600.0,2849600.0,0.0,2844339.04,5.0,424.04,2843915.0
2020-06-02 14:39:30.000,2848700.0,2848700.0,0.0,2843456.0,7.04,2420.0,2841036.0
2020-06-02 14:39:33.000,2848600.0,2848600.0,0.0,2843339.0,5.0,112.0,2843227.0
2020-06-02 14:39:36.000,2848600.0,2848600.0,0.0,2843331.71,10.29,5286.71,2838045.0
2020-06-02 14:39:39.000,2848400.0,2848400.0,0.0,2843121.42,20.29,5646.42,2837475.0
2020-06-02 14:39:42.000,2848300.0,2848300.0,0.0,2843016.42,5.0,3136.42,2839880.0
2020-06-02 14:39:45.000,2848300.0,2848300.0,0.0,2843015.42,5.0,1128.42,2841887.0
2020-06-02 14:40:15.000,2849000.0,2849000.0,0.0,2843711.33,7.09,3167.33,2840544.0
2020-06-02 14:40:18.000,2848200.0,2848200.0,0.0,2842897.33,5.0,1159.33,2841738.0
2020-06-02 14:40:33.000,2847700.0,2847700.0,0.0,2842380.16,9.17,5242.16,2837138.0
2020-06-02 14:40:36.000,2847300.0,2847300.0,0.0,2841960.12,12.04,4924.12,2837036.0
2020-06-02 14:40:39.000,2847400.0,2847400.0,0.0,2842039.95,19.17,4180.95,2837859.0
2020-06-02 14:40:42.000,2847300.0,2847300.0,0.0,2841939.95,5.0,1665.95,2840274.0
2020-06-02 14:41:45.000,2848600.0,2848600.0,0.0,2843289.38,7.57,4183.38,2839106.0
2020-06-02 14:41:54.000,2848800.0,2848800.0,0.0,2843478.38,5.0,1878.38,2841600.0
2020-06-02 14:42:09.000,2847900.0,2847900.0,0.0,2842565.29,7.09,3917.29,2838648.0
2020-06-02 14:42:18.000,2847400.0,2847400.0,0.0,2842054.29,5.0,1401.29,2840653.0
2020-06-02 14:42:21.000,2847400.0,2847400.0,0.0,2842045.25,7.04,3392.25,2838653.0
2020-06-02 14:42:27.000,2847400.0,2847400.0,0.0,2842037.25,5.0,1087.25,2840950.0
2020-06-02 14:43:00.000,2847900.0,2847900.0,0.0,2842533.68,7.57,3598.68,2838935.0
2020-06-02 14:43:06.000,2847600.0,2847600.0,0.0,2842223.68,5.0,1292.68,2840931.0
2020-06-02 14:43:39.000,2845800.0,2845800.0,0.0,2840432.64,7.04,3280.64,2837152.0
2020-06-02 14:44:00.000,2845100.0,2845100.0,0.0,2839715.64,5.0,973.64,2838742.0
2020-06-02 14:44:18.000,2845100.0,2845100.0,0.0,2839701.08,7.56,3472.08,2836229.0
2020-06-02 14:44:21.000,2845000.0,2845000.0,0.0,2839590.08,5.0,1166.08,2838424.0
2020-06-02 14:44:51.000,2845500.0,2845500.0,0.0,2840085.53,7.55,3656.53,2836429.0
2020-06-02 14:44:54.000,2844700.0,2844700.0,0.0,2839281.53,5.0,1347.53,2837934.0
2020-06-02 14:44:57.000,2844500.0,2844500.0,0.0,2839074.98,7.55,3834.98,2835240.0
2020-06-02 14:45:03.000,2843900.0,2843900.0,0.0,2838489.98,5.0,1785.98,2836704.0
2020-06-02 14:45:18.000,2842400.0,2842400.0,0.0,2837009.61,6.37,3116.61,2833893.0
2020-06-02 14:45:21.000,2842000.0,2842000.0,0.0,2836611.24,6.37,4447.24,2832164.0
2020-06-02 14:45:24.000,2842000.0,2842000.0,0.0,2836602.87,6.37,5777.87,2830825.0
2020-06-02 14:45:30.000,2841700.0,2841700.0,0.0,2836308.87,5.0,3879.87,2832429.0
2020-06-02 14:45:33.000,2841600.0,2841600.0,0.0,2836197.87,5.0,1572.87,2834625.0
2020-06-02 14:45:36.000,2841700.0,2841700.0,0.0,2836289.84,7.03,3555.84,2832734.0
2020-06-02 14:46:06.000,2841600.0,2841600.0,0.0,2836175.84,5.0,1068.84,2835107.0
2020-06-02 14:46:21.000,2841600.0,2841600.0,0.0,2836166.84,5.0,521.84,2835645.0
2020-06-02 14:46:33.000,2841600.0,2841600.0,0.0,2836160.91,6.93,2402.91,2833758.0
2020-06-02 14:46:36.000,2841300.0,2841300.0,0.0,2835853.91,5.0,1061.91,2834792.0
2020-06-02 14:47:06.000,2840400.0,2840400.0,0.0,2834955.56,7.35,3356.56,2831599.0
2020-06-02 14:47:12.000,2839900.0,2839900.0,0.0,2834458.56,5.0,880.56,2833578.0
2020-06-02 14:49:30.000,2840700.0,2840700.0,0.0,2835222.48,7.08,2917.48,2832305.0
2020-06-02 14:49:39.000,2840200.0,2840200.0,0.0,2834719.48,5.0,439.48,2834280.0
2020-06-02 14:50:06.000,2841000.0,2841000.0,0.0,2835529.56,6.92,2314.56,2833215.0
2020-06-02 14:50:09.000,2841400.0,2841400.0,0.0,2835910.64,6.92,4189.64,2831721.0
2020-06-02 14:50:24.000,2841800.0,2841800.0,0.0,2836246.64,5.0,2231.64,2834015.0
2020-06-02 14:50:27.000,2841300.0,2841300.0,0.0,2835735.64,5.0,273.64,2835462.0
2020-06-02 14:50:36.000,2843300.0,2843300.0,0.0,2837827.09,7.55,2762.09,2835065.0
2020-06-02 14:50:42.000,2842600.0,2842600.0,0.0,2837122.92,6.17,3902.92,2833220.0
2020-06-02 14:50:48.000,2843500.0,2843500.0,0.0,2838024.92,5.0,1396.92,2836628.0
2020-06-02 14:50:54.000,2843600.0,2843600.0,0.0,2838106.82,10.1,6384.82,2831722.0
2020-06-02 14:50:57.000,2843500.0,2843500.0,0.0,2837985.27,17.55,1017.27,2836968.0
2020-06-02 14:51:15.000,2843200.0,2843200.0,0.0,2837685.73,7.54,3496.73,2834189.0
2020-06-02 14:51:18.000,2843500.0,2843500.0,0.0,2837976.19,7.54,5976.19,2832000.0
2020-06-02 14:51:24.000,2844500.0,2844500.0,0.0,2838933.19,5.0,4824.19,2834109.0
2020-06-02 14:51:36.000,2844300.0,2844300.0,0.0,2838710.64,12.55,5308.64,2833402.0
2020-06-02 14:51:39.000,2844000.0,2844000.0,0.0,2838405.64,10.0,2149.64,2836256.0
2020-06-02 14:51:42.000,2844200.0,2844200.0,0.0,2838596.64,5.0,997.64,2837599.0
2020-06-02 14:51:48.000,2843900.0,2843900.0,0.0,2838290.09,7.55,3488.09,2834802.0
2020-06-02 14:51:57.000,2844600.0,2844600.0,0.0,2838971.09,5.0,1597.09,2837374.0
2020-06-02 14:52:30.000,2845500.0,2845500.0,0.0,2839804.54,5.55,2133.54,2837671.0
2020-06-02 14:52:36.000,2845100.0,2845100.0,0.0,2839415.54,5.0,795.54,2838620.0
2020-06-02 14:52:51.000,2845200.0,2845200.0,0.0,2839512.37,6.17,1936.37,2837576.0
2020-06-02 14:52:54.000,2845400.0,2845400.0,0.0,2839706.2,6.17,3077.2,2836629.0
2020-06-02 14:53:06.000,2845100.0,2845100.0,0.0,2839415.65,5.55,3613.65,2835802.0
2020-06-02 14:53:09.000,2845300.0,2845300.0,0.0,2839610.1,5.55,4150.1,2835460.0
2020-06-02 14:53:12.000,2845200.0,2845200.0,0.0,2839504.55,5.55,4686.55,2834818.0
2020-06-02 14:53:15.000,2845000.0,2845000.0,0.0,2839296.0,5.55,5223.0,2834073.0
2020-06-02 14:53:18.000,2845500.0,2845500.0,0.0,2839783.36,12.64,7800.36,2831983.0
2020-06-02 14:53:21.000,2845700.0,2845700.0,0.0,2839961.72,12.64,10377.72,2829584.0
2020-06-02 14:53:24.000,2846000.0,2846000.0,0.0,2840244.08,17.64,10643.08,2829601.0
2020-06-02 14:53:27.000,2845800.0,2845800.0,0.0,2840048.08,5.0,8331.08,2831717.0
2020-06-02 14:53:42.000,2846100.0,2846100.0,0.0,2840351.08,5.0,6018.08,2834333.0
2020-06-02 14:53:54.000,2846100.0,2846100.0,0.0,2840359.08,5.0,3706.08,2836653.0
2020-06-02 14:53:57.000,2846100.0,2846100.0,0.0,2840364.08,5.0,1393.08,2838971.0
2020-06-02 14:54:15.000,2846100.0,2846100.0,0.0,2840348.53,7.55,3883.53,2836465.0
2020-06-02 14:54:18.000,2846800.0,2846800.0,0.0,2841033.53,5.0,2546.53,2838487.0
2020-06-02 14:54:30.000,2846200.0,2846200.0,0.0,2840458.53,5.0,492.53,2839966.0
